Copyright 1986-2022 Xilinx, Inc. All Rights Reserved.
------------------------------------------------------------------------------------------------------------------------------------------------------------------------------------------------------
| Tool Version : Vivado v.2022.2 (win64) Build 3671981 Fri Oct 14 05:00:03 MDT 2022
| Date         : Sat May 23 10:00:50 2026
| Host         : Zulfa running 64-bit major release  (build 9200)
| Command      : report_timing_summary -max_paths 10 -report_unconstrained -file top_timing_summary_routed.rpt -pb top_timing_summary_routed.pb -rpx top_timing_summary_routed.rpx -warn_on_violation
| Design       : top
| Device       : 7a100t-csg324
| Speed File   : -1  PRODUCTION 1.23 2018-06-13
------------------------------------------------------------------------------------------------------------------------------------------------------------------------------------------------------

Timing Summary Report

------------------------------------------------------------------------------------------------
| Timer Settings
| --------------
------------------------------------------------------------------------------------------------

  Enable Multi Corner Analysis               :  Yes
  Enable Pessimism Removal                   :  Yes
  Pessimism Removal Resolution               :  Nearest Common Node
  Enable Input Delay Default Clock           :  No
  Enable Preset / Clear Arcs                 :  No
  Disable Flight Delays                      :  No
  Ignore I/O Paths                           :  No
  Timing Early Launch at Borrowing Latches   :  No
  Borrow Time for Max Delay Exceptions       :  Yes
  Merge Timing Exceptions                    :  Yes

  Corner  Analyze    Analyze    
  Name    Max Paths  Min Paths  
  ------  ---------  ---------  
  Slow    Yes        Yes        
  Fast    Yes        Yes        


------------------------------------------------------------------------------------------------
| Report Methodology
| ------------------
------------------------------------------------------------------------------------------------

Rule       Severity  Description                    Violations  
---------  --------  -----------------------------  ----------  
TIMING-18  Warning   Missing input or output delay  21          

Note: This report is based on the most recent report_methodology run and may not be up-to-date. Run report_methodology on the current design for the latest report.



check_timing report

Table of Contents
-----------------
1. checking no_clock (0)
2. checking constant_clock (0)
3. checking pulse_width_clock (0)
4. checking unconstrained_internal_endpoints (0)
5. checking no_input_delay (4)
6. checking no_output_delay (17)
7. checking multiple_clock (0)
8. checking generated_clocks (0)
9. checking loops (0)
10. checking partial_input_delay (0)
11. checking partial_output_delay (0)
12. checking latch_loops (0)

1. checking no_clock (0)
------------------------
 There are 0 register/latch pins with no clock.


2. checking constant_clock (0)
------------------------------
 There are 0 register/latch pins with constant_clock.


3. checking pulse_width_clock (0)
---------------------------------
 There are 0 register/latch pins which need pulse_width check


4. checking unconstrained_internal_endpoints (0)
------------------------------------------------
 There are 0 pins that are not constrained for maximum delay.

 There are 0 pins that are not constrained for maximum delay due to constant clock.


5. checking no_input_delay (4)
------------------------------
 There are 4 input ports with no input delay specified. (HIGH)

 There are 0 input ports with no input delay but user has a false path constraint.


6. checking no_output_delay (17)
--------------------------------
 There are 17 ports with no output delay specified. (HIGH)

 There are 0 ports with no output delay but user has a false path constraint

 There are 0 ports with no output delay but with a timing clock defined on it or propagating through it


7. checking multiple_clock (0)
------------------------------
 There are 0 register/latch pins with multiple clocks.


8. checking generated_clocks (0)
--------------------------------
 There are 0 generated clocks that are not connected to a clock source.


9. checking loops (0)
---------------------
 There are 0 combinational loops in the design.


10. checking partial_input_delay (0)
------------------------------------
 There are 0 input ports with partial input delay specified.


11. checking partial_output_delay (0)
-------------------------------------
 There are 0 ports with partial output delay specified.


12. checking latch_loops (0)
----------------------------
 There are 0 combinational latch loops in the design through latch input



------------------------------------------------------------------------------------------------
| Design Timing Summary
| ---------------------
------------------------------------------------------------------------------------------------

    WNS(ns)      TNS(ns)  TNS Failing Endpoints  TNS Total Endpoints      WHS(ns)      THS(ns)  THS Failing Endpoints  THS Total Endpoints     WPWS(ns)     TPWS(ns)  TPWS Failing Endpoints  TPWS Total Endpoints  
    -------      -------  ---------------------  -------------------      -------      -------  ---------------------  -------------------     --------     --------  ----------------------  --------------------  
      5.484        0.000                      0                  168        0.186        0.000                      0                  168        4.500        0.000                       0                    99  


All user specified timing constraints are met.


------------------------------------------------------------------------------------------------
| Clock Summary
| -------------
------------------------------------------------------------------------------------------------

Clock        Waveform(ns)       Period(ns)      Frequency(MHz)
-----        ------------       ----------      --------------
sys_clk_pin  {0.000 5.000}      10.000          100.000         


------------------------------------------------------------------------------------------------
| Intra Clock Table
| -----------------
------------------------------------------------------------------------------------------------

Clock             WNS(ns)      TNS(ns)  TNS Failing Endpoints  TNS Total Endpoints      WHS(ns)      THS(ns)  THS Failing Endpoints  THS Total Endpoints     WPWS(ns)     TPWS(ns)  TPWS Failing Endpoints  TPWS Total Endpoints  
-----             -------      -------  ---------------------  -------------------      -------      -------  ---------------------  -------------------     --------     --------  ----------------------  --------------------  
sys_clk_pin         5.484        0.000                      0                  136        0.186        0.000                      0                  136        4.500        0.000                       0                    99  


------------------------------------------------------------------------------------------------
| Inter Clock Table
| -----------------
------------------------------------------------------------------------------------------------

From Clock    To Clock          WNS(ns)      TNS(ns)  TNS Failing Endpoints  TNS Total Endpoints      WHS(ns)      THS(ns)  THS Failing Endpoints  THS Total Endpoints  
----------    --------          -------      -------  ---------------------  -------------------      -------      -------  ---------------------  -------------------  


------------------------------------------------------------------------------------------------
| Other Path Groups Table
| -----------------------
------------------------------------------------------------------------------------------------

Path Group         From Clock         To Clock               WNS(ns)      TNS(ns)  TNS Failing Endpoints  TNS Total Endpoints      WHS(ns)      THS(ns)  THS Failing Endpoints  THS Total Endpoints  
----------         ----------         --------               -------      -------  ---------------------  -------------------      -------      -------  ---------------------  -------------------  
**async_default**  sys_clk_pin        sys_clk_pin              7.665        0.000                      0                   32        0.403        0.000                      0                   32  


------------------------------------------------------------------------------------------------
| User Ignored Path Table
| -----------------------
------------------------------------------------------------------------------------------------

Path Group    From Clock    To Clock    
----------    ----------    --------    


------------------------------------------------------------------------------------------------
| Unconstrained Path Table
| ------------------------
------------------------------------------------------------------------------------------------

Path Group    From Clock    To Clock    
----------    ----------    --------    
(none)                                    
(none)        sys_clk_pin                 
(none)                      sys_clk_pin   


------------------------------------------------------------------------------------------------
| Timing Details
| --------------
------------------------------------------------------------------------------------------------


---------------------------------------------------------------------------------------------------
From Clock:  sys_clk_pin
  To Clock:  sys_clk_pin

Setup :            0  Failing Endpoints,  Worst Slack        5.484ns,  Total Violation        0.000ns
Hold  :            0  Failing Endpoints,  Worst Slack        0.186ns,  Total Violation        0.000ns
PW    :            0  Failing Endpoints,  Worst Slack        4.500ns,  Total Violation        0.000ns
---------------------------------------------------------------------------------------------------


Max Delay Paths
--------------------------------------------------------------------------------------
Slack (MET) :             5.484ns  (required time - arrival time)
  Source:                 tmr/count_reg[25]/C
                            (rising edge-triggered cell FDCE clocked by sys_clk_pin  {rise@0.000ns fall@5.000ns period=10.000ns})
  Destination:            tmr/count_reg[25]/D
                            (rising edge-triggered cell FDCE clocked by sys_clk_pin  {rise@0.000ns fall@5.000ns period=10.000ns})
  Path Group:             sys_clk_pin
  Path Type:              Setup (Max at Slow Process Corner)
  Requirement:            10.000ns  (sys_clk_pin rise@10.000ns - sys_clk_pin rise@0.000ns)
  Data Path Delay:        4.543ns  (logic 2.134ns (46.978%)  route 2.409ns (53.022%))
  Logic Levels:           9  (CARRY4=7 LUT5=1 LUT6=1)
  Clock Path Skew:        0.000ns (DCD - SCD + CPR)
    Destination Clock Delay (DCD):    5.025ns = ( 15.025 - 10.000 ) 
    Source Clock Delay      (SCD):    5.325ns
    Clock Pessimism Removal (CPR):    0.300ns
  Clock Uncertainty:      0.035ns  ((TSJ^2 + TIJ^2)^1/2 + DJ) / 2 + PE
    Total System Jitter     (TSJ):    0.071ns
    Total Input Jitter      (TIJ):    0.000ns
    Discrete Jitter          (DJ):    0.000ns
    Phase Error              (PE):    0.000ns

    Location             Delay type                Incr(ns)  Path(ns)    Netlist Resource(s)
  -------------------------------------------------------------------    -------------------
                         (clock sys_clk_pin rise edge)
                                                      0.000     0.000 r  
    E3                                                0.000     0.000 r  clk_100MHz (IN)
                         net (fo=0)                   0.000     0.000    clk_100MHz
    E3                   IBUF (Prop_ibuf_I_O)         1.482     1.482 r  clk_100MHz_IBUF_inst/O
                         net (fo=1, routed)           2.025     3.506    clk_100MHz_IBUF
    BUFGCTRL_X0Y16       BUFG (Prop_bufg_I_O)         0.096     3.602 r  clk_100MHz_IBUF_BUFG_inst/O
                         net (fo=98, routed)          1.722     5.325    tmr/clk_100MHz_IBUF_BUFG
    SLICE_X1Y61          FDCE                                         r  tmr/count_reg[25]/C
  -------------------------------------------------------------------    -------------------
    SLICE_X1Y61          FDCE (Prop_fdce_C_Q)         0.456     5.781 f  tmr/count_reg[25]/Q
                         net (fo=2, routed)           0.808     6.589    tmr/count_reg[25]
    SLICE_X0Y60          LUT5 (Prop_lut5_I0_O)        0.124     6.713 r  tmr/ce_2s_i_2/O
                         net (fo=30, routed)          1.411     8.124    tmr/ce_2s_i_2_n_0
    SLICE_X0Y55          LUT6 (Prop_lut6_I3_O)        0.124     8.248 r  tmr/count[0]_i_2/O
                         net (fo=1, routed)           0.189     8.437    tmr/count[0]_i_2_n_0
    SLICE_X1Y55          CARRY4 (Prop_carry4_DI[0]_CO[3])
                                                      0.526     8.963 r  tmr/count_reg[0]_i_1/CO[3]
                         net (fo=1, routed)           0.000     8.963    tmr/count_reg[0]_i_1_n_0
    SLICE_X1Y56          CARRY4 (Prop_carry4_CI_CO[3])
                                                      0.114     9.077 r  tmr/count_reg[4]_i_1__1/CO[3]
                         net (fo=1, routed)           0.000     9.077    tmr/count_reg[4]_i_1__1_n_0
    SLICE_X1Y57          CARRY4 (Prop_carry4_CI_CO[3])
                                                      0.114     9.191 r  tmr/count_reg[8]_i_1__1/CO[3]
                         net (fo=1, routed)           0.000     9.191    tmr/count_reg[8]_i_1__1_n_0
    SLICE_X1Y58          CARRY4 (Prop_carry4_CI_CO[3])
                                                      0.114     9.305 r  tmr/count_reg[12]_i_1__1/CO[3]
                         net (fo=1, routed)           0.000     9.305    tmr/count_reg[12]_i_1__1_n_0
    SLICE_X1Y59          CARRY4 (Prop_carry4_CI_CO[3])
                                                      0.114     9.419 r  tmr/count_reg[16]_i_1__1/CO[3]
                         net (fo=1, routed)           0.000     9.419    tmr/count_reg[16]_i_1__1_n_0
    SLICE_X1Y60          CARRY4 (Prop_carry4_CI_CO[3])
                                                      0.114     9.533 r  tmr/count_reg[20]_i_1/CO[3]
                         net (fo=1, routed)           0.000     9.533    tmr/count_reg[20]_i_1_n_0
    SLICE_X1Y61          CARRY4 (Prop_carry4_CI_O[1])
                                                      0.334     9.867 r  tmr/count_reg[24]_i_1/O[1]
                         net (fo=1, routed)           0.000     9.867    tmr/count_reg[24]_i_1_n_6
    SLICE_X1Y61          FDCE                                         r  tmr/count_reg[25]/D
  -------------------------------------------------------------------    -------------------

                         (clock sys_clk_pin rise edge)
                                                     10.000    10.000 r  
    E3                                                0.000    10.000 r  clk_100MHz (IN)
                         net (fo=0)                   0.000    10.000    clk_100MHz
    E3                   IBUF (Prop_ibuf_I_O)         1.411    11.411 r  clk_100MHz_IBUF_inst/O
                         net (fo=1, routed)           1.920    13.331    clk_100MHz_IBUF
    BUFGCTRL_X0Y16       BUFG (Prop_bufg_I_O)         0.091    13.422 r  clk_100MHz_IBUF_BUFG_inst/O
                         net (fo=98, routed)          1.602    15.025    tmr/clk_100MHz_IBUF_BUFG
    SLICE_X1Y61          FDCE                                         r  tmr/count_reg[25]/C
                         clock pessimism              0.300    15.325    
                         clock uncertainty           -0.035    15.289    
    SLICE_X1Y61          FDCE (Setup_fdce_C_D)        0.062    15.351    tmr/count_reg[25]
  -------------------------------------------------------------------
                         required time                         15.351    
                         arrival time                          -9.867    
  -------------------------------------------------------------------
                         slack                                  5.484    

Slack (MET) :             5.505ns  (required time - arrival time)
  Source:                 tmr/count_reg[25]/C
                            (rising edge-triggered cell FDCE clocked by sys_clk_pin  {rise@0.000ns fall@5.000ns period=10.000ns})
  Destination:            tmr/count_reg[27]/D
                            (rising edge-triggered cell FDCE clocked by sys_clk_pin  {rise@0.000ns fall@5.000ns period=10.000ns})
  Path Group:             sys_clk_pin
  Path Type:              Setup (Max at Slow Process Corner)
  Requirement:            10.000ns  (sys_clk_pin rise@10.000ns - sys_clk_pin rise@0.000ns)
  Data Path Delay:        4.522ns  (logic 2.113ns (46.732%)  route 2.409ns (53.268%))
  Logic Levels:           9  (CARRY4=7 LUT5=1 LUT6=1)
  Clock Path Skew:        0.000ns (DCD - SCD + CPR)
    Destination Clock Delay (DCD):    5.025ns = ( 15.025 - 10.000 ) 
    Source Clock Delay      (SCD):    5.325ns
    Clock Pessimism Removal (CPR):    0.300ns
  Clock Uncertainty:      0.035ns  ((TSJ^2 + TIJ^2)^1/2 + DJ) / 2 + PE
    Total System Jitter     (TSJ):    0.071ns
    Total Input Jitter      (TIJ):    0.000ns
    Discrete Jitter          (DJ):    0.000ns
    Phase Error              (PE):    0.000ns

    Location             Delay type                Incr(ns)  Path(ns)    Netlist Resource(s)
  -------------------------------------------------------------------    -------------------
                         (clock sys_clk_pin rise edge)
                                                      0.000     0.000 r  
    E3                                                0.000     0.000 r  clk_100MHz (IN)
                         net (fo=0)                   0.000     0.000    clk_100MHz
    E3                   IBUF (Prop_ibuf_I_O)         1.482     1.482 r  clk_100MHz_IBUF_inst/O
                         net (fo=1, routed)           2.025     3.506    clk_100MHz_IBUF
    BUFGCTRL_X0Y16       BUFG (Prop_bufg_I_O)         0.096     3.602 r  clk_100MHz_IBUF_BUFG_inst/O
                         net (fo=98, routed)          1.722     5.325    tmr/clk_100MHz_IBUF_BUFG
    SLICE_X1Y61          FDCE                                         r  tmr/count_reg[25]/C
  -------------------------------------------------------------------    -------------------
    SLICE_X1Y61          FDCE (Prop_fdce_C_Q)         0.456     5.781 f  tmr/count_reg[25]/Q
                         net (fo=2, routed)           0.808     6.589    tmr/count_reg[25]
    SLICE_X0Y60          LUT5 (Prop_lut5_I0_O)        0.124     6.713 r  tmr/ce_2s_i_2/O
                         net (fo=30, routed)          1.411     8.124    tmr/ce_2s_i_2_n_0
    SLICE_X0Y55          LUT6 (Prop_lut6_I3_O)        0.124     8.248 r  tmr/count[0]_i_2/O
                         net (fo=1, routed)           0.189     8.437    tmr/count[0]_i_2_n_0
    SLICE_X1Y55          CARRY4 (Prop_carry4_DI[0]_CO[3])
                                                      0.526     8.963 r  tmr/count_reg[0]_i_1/CO[3]
                         net (fo=1, routed)           0.000     8.963    tmr/count_reg[0]_i_1_n_0
    SLICE_X1Y56          CARRY4 (Prop_carry4_CI_CO[3])
                                                      0.114     9.077 r  tmr/count_reg[4]_i_1__1/CO[3]
                         net (fo=1, routed)           0.000     9.077    tmr/count_reg[4]_i_1__1_n_0
    SLICE_X1Y57          CARRY4 (Prop_carry4_CI_CO[3])
                                                      0.114     9.191 r  tmr/count_reg[8]_i_1__1/CO[3]
                         net (fo=1, routed)           0.000     9.191    tmr/count_reg[8]_i_1__1_n_0
    SLICE_X1Y58          CARRY4 (Prop_carry4_CI_CO[3])
                                                      0.114     9.305 r  tmr/count_reg[12]_i_1__1/CO[3]
                         net (fo=1, routed)           0.000     9.305    tmr/count_reg[12]_i_1__1_n_0
    SLICE_X1Y59          CARRY4 (Prop_carry4_CI_CO[3])
                                                      0.114     9.419 r  tmr/count_reg[16]_i_1__1/CO[3]
                         net (fo=1, routed)           0.000     9.419    tmr/count_reg[16]_i_1__1_n_0
    SLICE_X1Y60          CARRY4 (Prop_carry4_CI_CO[3])
                                                      0.114     9.533 r  tmr/count_reg[20]_i_1/CO[3]
                         net (fo=1, routed)           0.000     9.533    tmr/count_reg[20]_i_1_n_0
    SLICE_X1Y61          CARRY4 (Prop_carry4_CI_O[3])
                                                      0.313     9.846 r  tmr/count_reg[24]_i_1/O[3]
                         net (fo=1, routed)           0.000     9.846    tmr/count_reg[24]_i_1_n_4
    SLICE_X1Y61          FDCE                                         r  tmr/count_reg[27]/D
  -------------------------------------------------------------------    -------------------

                         (clock sys_clk_pin rise edge)
                                                     10.000    10.000 r  
    E3                                                0.000    10.000 r  clk_100MHz (IN)
                         net (fo=0)                   0.000    10.000    clk_100MHz
    E3                   IBUF (Prop_ibuf_I_O)         1.411    11.411 r  clk_100MHz_IBUF_inst/O
                         net (fo=1, routed)           1.920    13.331    clk_100MHz_IBUF
    BUFGCTRL_X0Y16       BUFG (Prop_bufg_I_O)         0.091    13.422 r  clk_100MHz_IBUF_BUFG_inst/O
                         net (fo=98, routed)          1.602    15.025    tmr/clk_100MHz_IBUF_BUFG
    SLICE_X1Y61          FDCE                                         r  tmr/count_reg[27]/C
                         clock pessimism              0.300    15.325    
                         clock uncertainty           -0.035    15.289    
    SLICE_X1Y61          FDCE (Setup_fdce_C_D)        0.062    15.351    tmr/count_reg[27]
  -------------------------------------------------------------------
                         required time                         15.351    
                         arrival time                          -9.846    
  -------------------------------------------------------------------
                         slack                                  5.505    

Slack (MET) :             5.574ns  (required time - arrival time)
  Source:                 tmr/count_reg[25]/C
                            (rising edge-triggered cell FDCE clocked by sys_clk_pin  {rise@0.000ns fall@5.000ns period=10.000ns})
  Destination:            tmr/count_reg[21]/D
                            (rising edge-triggered cell FDCE clocked by sys_clk_pin  {rise@0.000ns fall@5.000ns period=10.000ns})
  Path Group:             sys_clk_pin
  Path Type:              Setup (Max at Slow Process Corner)
  Requirement:            10.000ns  (sys_clk_pin rise@10.000ns - sys_clk_pin rise@0.000ns)
  Data Path Delay:        4.429ns  (logic 2.020ns (45.614%)  route 2.409ns (54.386%))
  Logic Levels:           8  (CARRY4=6 LUT5=1 LUT6=1)
  Clock Path Skew:        -0.024ns (DCD - SCD + CPR)
    Destination Clock Delay (DCD):    5.026ns = ( 15.026 - 10.000 ) 
    Source Clock Delay      (SCD):    5.325ns
    Clock Pessimism Removal (CPR):    0.275ns
  Clock Uncertainty:      0.035ns  ((TSJ^2 + TIJ^2)^1/2 + DJ) / 2 + PE
    Total System Jitter     (TSJ):    0.071ns
    Total Input Jitter      (TIJ):    0.000ns
    Discrete Jitter          (DJ):    0.000ns
    Phase Error              (PE):    0.000ns

    Location             Delay type                Incr(ns)  Path(ns)    Netlist Resource(s)
  -------------------------------------------------------------------    -------------------
                         (clock sys_clk_pin rise edge)
                                                      0.000     0.000 r  
    E3                                                0.000     0.000 r  clk_100MHz (IN)
                         net (fo=0)                   0.000     0.000    clk_100MHz
    E3                   IBUF (Prop_ibuf_I_O)         1.482     1.482 r  clk_100MHz_IBUF_inst/O
                         net (fo=1, routed)           2.025     3.506    clk_100MHz_IBUF
    BUFGCTRL_X0Y16       BUFG (Prop_bufg_I_O)         0.096     3.602 r  clk_100MHz_IBUF_BUFG_inst/O
                         net (fo=98, routed)          1.722     5.325    tmr/clk_100MHz_IBUF_BUFG
    SLICE_X1Y61          FDCE                                         r  tmr/count_reg[25]/C
  -------------------------------------------------------------------    -------------------
    SLICE_X1Y61          FDCE (Prop_fdce_C_Q)         0.456     5.781 f  tmr/count_reg[25]/Q
                         net (fo=2, routed)           0.808     6.589    tmr/count_reg[25]
    SLICE_X0Y60          LUT5 (Prop_lut5_I0_O)        0.124     6.713 r  tmr/ce_2s_i_2/O
                         net (fo=30, routed)          1.411     8.124    tmr/ce_2s_i_2_n_0
    SLICE_X0Y55          LUT6 (Prop_lut6_I3_O)        0.124     8.248 r  tmr/count[0]_i_2/O
                         net (fo=1, routed)           0.189     8.437    tmr/count[0]_i_2_n_0
    SLICE_X1Y55          CARRY4 (Prop_carry4_DI[0]_CO[3])
                                                      0.526     8.963 r  tmr/count_reg[0]_i_1/CO[3]
                         net (fo=1, routed)           0.000     8.963    tmr/count_reg[0]_i_1_n_0
    SLICE_X1Y56          CARRY4 (Prop_carry4_CI_CO[3])
                                                      0.114     9.077 r  tmr/count_reg[4]_i_1__1/CO[3]
                         net (fo=1, routed)           0.000     9.077    tmr/count_reg[4]_i_1__1_n_0
    SLICE_X1Y57          CARRY4 (Prop_carry4_CI_CO[3])
                                                      0.114     9.191 r  tmr/count_reg[8]_i_1__1/CO[3]
                         net (fo=1, routed)           0.000     9.191    tmr/count_reg[8]_i_1__1_n_0
    SLICE_X1Y58          CARRY4 (Prop_carry4_CI_CO[3])
                                                      0.114     9.305 r  tmr/count_reg[12]_i_1__1/CO[3]
                         net (fo=1, routed)           0.000     9.305    tmr/count_reg[12]_i_1__1_n_0
    SLICE_X1Y59          CARRY4 (Prop_carry4_CI_CO[3])
                                                      0.114     9.419 r  tmr/count_reg[16]_i_1__1/CO[3]
                         net (fo=1, routed)           0.000     9.419    tmr/count_reg[16]_i_1__1_n_0
    SLICE_X1Y60          CARRY4 (Prop_carry4_CI_O[1])
                                                      0.334     9.753 r  tmr/count_reg[20]_i_1/O[1]
                         net (fo=1, routed)           0.000     9.753    tmr/count_reg[20]_i_1_n_6
    SLICE_X1Y60          FDCE                                         r  tmr/count_reg[21]/D
  -------------------------------------------------------------------    -------------------

                         (clock sys_clk_pin rise edge)
                                                     10.000    10.000 r  
    E3                                                0.000    10.000 r  clk_100MHz (IN)
                         net (fo=0)                   0.000    10.000    clk_100MHz
    E3                   IBUF (Prop_ibuf_I_O)         1.411    11.411 r  clk_100MHz_IBUF_inst/O
                         net (fo=1, routed)           1.920    13.331    clk_100MHz_IBUF
    BUFGCTRL_X0Y16       BUFG (Prop_bufg_I_O)         0.091    13.422 r  clk_100MHz_IBUF_BUFG_inst/O
                         net (fo=98, routed)          1.603    15.026    tmr/clk_100MHz_IBUF_BUFG
    SLICE_X1Y60          FDCE                                         r  tmr/count_reg[21]/C
                         clock pessimism              0.275    15.301    
                         clock uncertainty           -0.035    15.265    
    SLICE_X1Y60          FDCE (Setup_fdce_C_D)        0.062    15.327    tmr/count_reg[21]
  -------------------------------------------------------------------
                         required time                         15.327    
                         arrival time                          -9.753    
  -------------------------------------------------------------------
                         slack                                  5.574    

Slack (MET) :             5.579ns  (required time - arrival time)
  Source:                 tmr/count_reg[25]/C
                            (rising edge-triggered cell FDCE clocked by sys_clk_pin  {rise@0.000ns fall@5.000ns period=10.000ns})
  Destination:            tmr/count_reg[26]/D
                            (rising edge-triggered cell FDCE clocked by sys_clk_pin  {rise@0.000ns fall@5.000ns period=10.000ns})
  Path Group:             sys_clk_pin
  Path Type:              Setup (Max at Slow Process Corner)
  Requirement:            10.000ns  (sys_clk_pin rise@10.000ns - sys_clk_pin rise@0.000ns)
  Data Path Delay:        4.448ns  (logic 2.039ns (45.846%)  route 2.409ns (54.154%))
  Logic Levels:           9  (CARRY4=7 LUT5=1 LUT6=1)
  Clock Path Skew:        0.000ns (DCD - SCD + CPR)
    Destination Clock Delay (DCD):    5.025ns = ( 15.025 - 10.000 ) 
    Source Clock Delay      (SCD):    5.325ns
    Clock Pessimism Removal (CPR):    0.300ns
  Clock Uncertainty:      0.035ns  ((TSJ^2 + TIJ^2)^1/2 + DJ) / 2 + PE
    Total System Jitter     (TSJ):    0.071ns
    Total Input Jitter      (TIJ):    0.000ns
    Discrete Jitter          (DJ):    0.000ns
    Phase Error              (PE):    0.000ns

    Location             Delay type                Incr(ns)  Path(ns)    Netlist Resource(s)
  -------------------------------------------------------------------    -------------------
                         (clock sys_clk_pin rise edge)
                                                      0.000     0.000 r  
    E3                                                0.000     0.000 r  clk_100MHz (IN)
                         net (fo=0)                   0.000     0.000    clk_100MHz
    E3                   IBUF (Prop_ibuf_I_O)         1.482     1.482 r  clk_100MHz_IBUF_inst/O
                         net (fo=1, routed)           2.025     3.506    clk_100MHz_IBUF
    BUFGCTRL_X0Y16       BUFG (Prop_bufg_I_O)         0.096     3.602 r  clk_100MHz_IBUF_BUFG_inst/O
                         net (fo=98, routed)          1.722     5.325    tmr/clk_100MHz_IBUF_BUFG
    SLICE_X1Y61          FDCE                                         r  tmr/count_reg[25]/C
  -------------------------------------------------------------------    -------------------
    SLICE_X1Y61          FDCE (Prop_fdce_C_Q)         0.456     5.781 f  tmr/count_reg[25]/Q
                         net (fo=2, routed)           0.808     6.589    tmr/count_reg[25]
    SLICE_X0Y60          LUT5 (Prop_lut5_I0_O)        0.124     6.713 r  tmr/ce_2s_i_2/O
                         net (fo=30, routed)          1.411     8.124    tmr/ce_2s_i_2_n_0
    SLICE_X0Y55          LUT6 (Prop_lut6_I3_O)        0.124     8.248 r  tmr/count[0]_i_2/O
                         net (fo=1, routed)           0.189     8.437    tmr/count[0]_i_2_n_0
    SLICE_X1Y55          CARRY4 (Prop_carry4_DI[0]_CO[3])
                                                      0.526     8.963 r  tmr/count_reg[0]_i_1/CO[3]
                         net (fo=1, routed)           0.000     8.963    tmr/count_reg[0]_i_1_n_0
    SLICE_X1Y56          CARRY4 (Prop_carry4_CI_CO[3])
                                                      0.114     9.077 r  tmr/count_reg[4]_i_1__1/CO[3]
                         net (fo=1, routed)           0.000     9.077    tmr/count_reg[4]_i_1__1_n_0
    SLICE_X1Y57          CARRY4 (Prop_carry4_CI_CO[3])
                                                      0.114     9.191 r  tmr/count_reg[8]_i_1__1/CO[3]
                         net (fo=1, routed)           0.000     9.191    tmr/count_reg[8]_i_1__1_n_0
    SLICE_X1Y58          CARRY4 (Prop_carry4_CI_CO[3])
                                                      0.114     9.305 r  tmr/count_reg[12]_i_1__1/CO[3]
                         net (fo=1, routed)           0.000     9.305    tmr/count_reg[12]_i_1__1_n_0
    SLICE_X1Y59          CARRY4 (Prop_carry4_CI_CO[3])
                                                      0.114     9.419 r  tmr/count_reg[16]_i_1__1/CO[3]
                         net (fo=1, routed)           0.000     9.419    tmr/count_reg[16]_i_1__1_n_0
    SLICE_X1Y60          CARRY4 (Prop_carry4_CI_CO[3])
                                                      0.114     9.533 r  tmr/count_reg[20]_i_1/CO[3]
                         net (fo=1, routed)           0.000     9.533    tmr/count_reg[20]_i_1_n_0
    SLICE_X1Y61          CARRY4 (Prop_carry4_CI_O[2])
                                                      0.239     9.772 r  tmr/count_reg[24]_i_1/O[2]
                         net (fo=1, routed)           0.000     9.772    tmr/count_reg[24]_i_1_n_5
    SLICE_X1Y61          FDCE                                         r  tmr/count_reg[26]/D
  -------------------------------------------------------------------    -------------------

                         (clock sys_clk_pin rise edge)
                                                     10.000    10.000 r  
    E3                                                0.000    10.000 r  clk_100MHz (IN)
                         net (fo=0)                   0.000    10.000    clk_100MHz
    E3                   IBUF (Prop_ibuf_I_O)         1.411    11.411 r  clk_100MHz_IBUF_inst/O
                         net (fo=1, routed)           1.920    13.331    clk_100MHz_IBUF
    BUFGCTRL_X0Y16       BUFG (Prop_bufg_I_O)         0.091    13.422 r  clk_100MHz_IBUF_BUFG_inst/O
                         net (fo=98, routed)          1.602    15.025    tmr/clk_100MHz_IBUF_BUFG
    SLICE_X1Y61          FDCE                                         r  tmr/count_reg[26]/C
                         clock pessimism              0.300    15.325    
                         clock uncertainty           -0.035    15.289    
    SLICE_X1Y61          FDCE (Setup_fdce_C_D)        0.062    15.351    tmr/count_reg[26]
  -------------------------------------------------------------------
                         required time                         15.351    
                         arrival time                          -9.772    
  -------------------------------------------------------------------
                         slack                                  5.579    

Slack (MET) :             5.595ns  (required time - arrival time)
  Source:                 tmr/count_reg[25]/C
                            (rising edge-triggered cell FDCE clocked by sys_clk_pin  {rise@0.000ns fall@5.000ns period=10.000ns})
  Destination:            tmr/count_reg[23]/D
                            (rising edge-triggered cell FDCE clocked by sys_clk_pin  {rise@0.000ns fall@5.000ns period=10.000ns})
  Path Group:             sys_clk_pin
  Path Type:              Setup (Max at Slow Process Corner)
  Requirement:            10.000ns  (sys_clk_pin rise@10.000ns - sys_clk_pin rise@0.000ns)
  Data Path Delay:        4.408ns  (logic 1.999ns (45.354%)  route 2.409ns (54.646%))
  Logic Levels:           8  (CARRY4=6 LUT5=1 LUT6=1)
  Clock Path Skew:        -0.024ns (DCD - SCD + CPR)
    Destination Clock Delay (DCD):    5.026ns = ( 15.026 - 10.000 ) 
    Source Clock Delay      (SCD):    5.325ns
    Clock Pessimism Removal (CPR):    0.275ns
  Clock Uncertainty:      0.035ns  ((TSJ^2 + TIJ^2)^1/2 + DJ) / 2 + PE
    Total System Jitter     (TSJ):    0.071ns
    Total Input Jitter      (TIJ):    0.000ns
    Discrete Jitter          (DJ):    0.000ns
    Phase Error              (PE):    0.000ns

    Location             Delay type                Incr(ns)  Path(ns)    Netlist Resource(s)
  -------------------------------------------------------------------    -------------------
                         (clock sys_clk_pin rise edge)
                                                      0.000     0.000 r  
    E3                                                0.000     0.000 r  clk_100MHz (IN)
                         net (fo=0)                   0.000     0.000    clk_100MHz
    E3                   IBUF (Prop_ibuf_I_O)         1.482     1.482 r  clk_100MHz_IBUF_inst/O
                         net (fo=1, routed)           2.025     3.506    clk_100MHz_IBUF
    BUFGCTRL_X0Y16       BUFG (Prop_bufg_I_O)         0.096     3.602 r  clk_100MHz_IBUF_BUFG_inst/O
                         net (fo=98, routed)          1.722     5.325    tmr/clk_100MHz_IBUF_BUFG
    SLICE_X1Y61          FDCE                                         r  tmr/count_reg[25]/C
  -------------------------------------------------------------------    -------------------
    SLICE_X1Y61          FDCE (Prop_fdce_C_Q)         0.456     5.781 f  tmr/count_reg[25]/Q
                         net (fo=2, routed)           0.808     6.589    tmr/count_reg[25]
    SLICE_X0Y60          LUT5 (Prop_lut5_I0_O)        0.124     6.713 r  tmr/ce_2s_i_2/O
                         net (fo=30, routed)          1.411     8.124    tmr/ce_2s_i_2_n_0
    SLICE_X0Y55          LUT6 (Prop_lut6_I3_O)        0.124     8.248 r  tmr/count[0]_i_2/O
                         net (fo=1, routed)           0.189     8.437    tmr/count[0]_i_2_n_0
    SLICE_X1Y55          CARRY4 (Prop_carry4_DI[0]_CO[3])
                                                      0.526     8.963 r  tmr/count_reg[0]_i_1/CO[3]
                         net (fo=1, routed)           0.000     8.963    tmr/count_reg[0]_i_1_n_0
    SLICE_X1Y56          CARRY4 (Prop_carry4_CI_CO[3])
                                                      0.114     9.077 r  tmr/count_reg[4]_i_1__1/CO[3]
                         net (fo=1, routed)           0.000     9.077    tmr/count_reg[4]_i_1__1_n_0
    SLICE_X1Y57          CARRY4 (Prop_carry4_CI_CO[3])
                                                      0.114     9.191 r  tmr/count_reg[8]_i_1__1/CO[3]
                         net (fo=1, routed)           0.000     9.191    tmr/count_reg[8]_i_1__1_n_0
    SLICE_X1Y58          CARRY4 (Prop_carry4_CI_CO[3])
                                                      0.114     9.305 r  tmr/count_reg[12]_i_1__1/CO[3]
                         net (fo=1, routed)           0.000     9.305    tmr/count_reg[12]_i_1__1_n_0
    SLICE_X1Y59          CARRY4 (Prop_carry4_CI_CO[3])
                                                      0.114     9.419 r  tmr/count_reg[16]_i_1__1/CO[3]
                         net (fo=1, routed)           0.000     9.419    tmr/count_reg[16]_i_1__1_n_0
    SLICE_X1Y60          CARRY4 (Prop_carry4_CI_O[3])
                                                      0.313     9.732 r  tmr/count_reg[20]_i_1/O[3]
                         net (fo=1, routed)           0.000     9.732    tmr/count_reg[20]_i_1_n_4
    SLICE_X1Y60          FDCE                                         r  tmr/count_reg[23]/D
  -------------------------------------------------------------------    -------------------

                         (clock sys_clk_pin rise edge)
                                                     10.000    10.000 r  
    E3                                                0.000    10.000 r  clk_100MHz (IN)
                         net (fo=0)                   0.000    10.000    clk_100MHz
    E3                   IBUF (Prop_ibuf_I_O)         1.411    11.411 r  clk_100MHz_IBUF_inst/O
                         net (fo=1, routed)           1.920    13.331    clk_100MHz_IBUF
    BUFGCTRL_X0Y16       BUFG (Prop_bufg_I_O)         0.091    13.422 r  clk_100MHz_IBUF_BUFG_inst/O
                         net (fo=98, routed)          1.603    15.026    tmr/clk_100MHz_IBUF_BUFG
    SLICE_X1Y60          FDCE                                         r  tmr/count_reg[23]/C
                         clock pessimism              0.275    15.301    
                         clock uncertainty           -0.035    15.265    
    SLICE_X1Y60          FDCE (Setup_fdce_C_D)        0.062    15.327    tmr/count_reg[23]
  -------------------------------------------------------------------
                         required time                         15.327    
                         arrival time                          -9.732    
  -------------------------------------------------------------------
                         slack                                  5.595    

Slack (MET) :             5.595ns  (required time - arrival time)
  Source:                 tmr/count_reg[25]/C
                            (rising edge-triggered cell FDCE clocked by sys_clk_pin  {rise@0.000ns fall@5.000ns period=10.000ns})
  Destination:            tmr/count_reg[24]/D
                            (rising edge-triggered cell FDCE clocked by sys_clk_pin  {rise@0.000ns fall@5.000ns period=10.000ns})
  Path Group:             sys_clk_pin
  Path Type:              Setup (Max at Slow Process Corner)
  Requirement:            10.000ns  (sys_clk_pin rise@10.000ns - sys_clk_pin rise@0.000ns)
  Data Path Delay:        4.432ns  (logic 2.023ns (45.650%)  route 2.409ns (54.350%))
  Logic Levels:           9  (CARRY4=7 LUT5=1 LUT6=1)
  Clock Path Skew:        0.000ns (DCD - SCD + CPR)
    Destination Clock Delay (DCD):    5.025ns = ( 15.025 - 10.000 ) 
    Source Clock Delay      (SCD):    5.325ns
    Clock Pessimism Removal (CPR):    0.300ns
  Clock Uncertainty:      0.035ns  ((TSJ^2 + TIJ^2)^1/2 + DJ) / 2 + PE
    Total System Jitter     (TSJ):    0.071ns
    Total Input Jitter      (TIJ):    0.000ns
    Discrete Jitter          (DJ):    0.000ns
    Phase Error              (PE):    0.000ns

    Location             Delay type                Incr(ns)  Path(ns)    Netlist Resource(s)
  -------------------------------------------------------------------    -------------------
                         (clock sys_clk_pin rise edge)
                                                      0.000     0.000 r  
    E3                                                0.000     0.000 r  clk_100MHz (IN)
                         net (fo=0)                   0.000     0.000    clk_100MHz
    E3                   IBUF (Prop_ibuf_I_O)         1.482     1.482 r  clk_100MHz_IBUF_inst/O
                         net (fo=1, routed)           2.025     3.506    clk_100MHz_IBUF
    BUFGCTRL_X0Y16       BUFG (Prop_bufg_I_O)         0.096     3.602 r  clk_100MHz_IBUF_BUFG_inst/O
                         net (fo=98, routed)          1.722     5.325    tmr/clk_100MHz_IBUF_BUFG
    SLICE_X1Y61          FDCE                                         r  tmr/count_reg[25]/C
  -------------------------------------------------------------------    -------------------
    SLICE_X1Y61          FDCE (Prop_fdce_C_Q)         0.456     5.781 f  tmr/count_reg[25]/Q
                         net (fo=2, routed)           0.808     6.589    tmr/count_reg[25]
    SLICE_X0Y60          LUT5 (Prop_lut5_I0_O)        0.124     6.713 r  tmr/ce_2s_i_2/O
                         net (fo=30, routed)          1.411     8.124    tmr/ce_2s_i_2_n_0
    SLICE_X0Y55          LUT6 (Prop_lut6_I3_O)        0.124     8.248 r  tmr/count[0]_i_2/O
                         net (fo=1, routed)           0.189     8.437    tmr/count[0]_i_2_n_0
    SLICE_X1Y55          CARRY4 (Prop_carry4_DI[0]_CO[3])
                                                      0.526     8.963 r  tmr/count_reg[0]_i_1/CO[3]
                         net (fo=1, routed)           0.000     8.963    tmr/count_reg[0]_i_1_n_0
    SLICE_X1Y56          CARRY4 (Prop_carry4_CI_CO[3])
                                                      0.114     9.077 r  tmr/count_reg[4]_i_1__1/CO[3]
                         net (fo=1, routed)           0.000     9.077    tmr/count_reg[4]_i_1__1_n_0
    SLICE_X1Y57          CARRY4 (Prop_carry4_CI_CO[3])
                                                      0.114     9.191 r  tmr/count_reg[8]_i_1__1/CO[3]
                         net (fo=1, routed)           0.000     9.191    tmr/count_reg[8]_i_1__1_n_0
    SLICE_X1Y58          CARRY4 (Prop_carry4_CI_CO[3])
                                                      0.114     9.305 r  tmr/count_reg[12]_i_1__1/CO[3]
                         net (fo=1, routed)           0.000     9.305    tmr/count_reg[12]_i_1__1_n_0
    SLICE_X1Y59          CARRY4 (Prop_carry4_CI_CO[3])
                                                      0.114     9.419 r  tmr/count_reg[16]_i_1__1/CO[3]
                         net (fo=1, routed)           0.000     9.419    tmr/count_reg[16]_i_1__1_n_0
    SLICE_X1Y60          CARRY4 (Prop_carry4_CI_CO[3])
                                                      0.114     9.533 r  tmr/count_reg[20]_i_1/CO[3]
                         net (fo=1, routed)           0.000     9.533    tmr/count_reg[20]_i_1_n_0
    SLICE_X1Y61          CARRY4 (Prop_carry4_CI_O[0])
                                                      0.223     9.756 r  tmr/count_reg[24]_i_1/O[0]
                         net (fo=1, routed)           0.000     9.756    tmr/count_reg[24]_i_1_n_7
    SLICE_X1Y61          FDCE                                         r  tmr/count_reg[24]/D
  -------------------------------------------------------------------    -------------------

                         (clock sys_clk_pin rise edge)
                                                     10.000    10.000 r  
    E3                                                0.000    10.000 r  clk_100MHz (IN)
                         net (fo=0)                   0.000    10.000    clk_100MHz
    E3                   IBUF (Prop_ibuf_I_O)         1.411    11.411 r  clk_100MHz_IBUF_inst/O
                         net (fo=1, routed)           1.920    13.331    clk_100MHz_IBUF
    BUFGCTRL_X0Y16       BUFG (Prop_bufg_I_O)         0.091    13.422 r  clk_100MHz_IBUF_BUFG_inst/O
                         net (fo=98, routed)          1.602    15.025    tmr/clk_100MHz_IBUF_BUFG
    SLICE_X1Y61          FDCE                                         r  tmr/count_reg[24]/C
                         clock pessimism              0.300    15.325    
                         clock uncertainty           -0.035    15.289    
    SLICE_X1Y61          FDCE (Setup_fdce_C_D)        0.062    15.351    tmr/count_reg[24]
  -------------------------------------------------------------------
                         required time                         15.351    
                         arrival time                          -9.756    
  -------------------------------------------------------------------
                         slack                                  5.595    

Slack (MET) :             5.669ns  (required time - arrival time)
  Source:                 tmr/count_reg[25]/C
                            (rising edge-triggered cell FDCE clocked by sys_clk_pin  {rise@0.000ns fall@5.000ns period=10.000ns})
  Destination:            tmr/count_reg[22]/D
                            (rising edge-triggered cell FDCE clocked by sys_clk_pin  {rise@0.000ns fall@5.000ns period=10.000ns})
  Path Group:             sys_clk_pin
  Path Type:              Setup (Max at Slow Process Corner)
  Requirement:            10.000ns  (sys_clk_pin rise@10.000ns - sys_clk_pin rise@0.000ns)
  Data Path Delay:        4.334ns  (logic 1.925ns (44.421%)  route 2.409ns (55.579%))
  Logic Levels:           8  (CARRY4=6 LUT5=1 LUT6=1)
  Clock Path Skew:        -0.024ns (DCD - SCD + CPR)
    Destination Clock Delay (DCD):    5.026ns = ( 15.026 - 10.000 ) 
    Source Clock Delay      (SCD):    5.325ns
    Clock Pessimism Removal (CPR):    0.275ns
  Clock Uncertainty:      0.035ns  ((TSJ^2 + TIJ^2)^1/2 + DJ) / 2 + PE
    Total System Jitter     (TSJ):    0.071ns
    Total Input Jitter      (TIJ):    0.000ns
    Discrete Jitter          (DJ):    0.000ns
    Phase Error              (PE):    0.000ns

    Location             Delay type                Incr(ns)  Path(ns)    Netlist Resource(s)
  -------------------------------------------------------------------    -------------------
                         (clock sys_clk_pin rise edge)
                                                      0.000     0.000 r  
    E3                                                0.000     0.000 r  clk_100MHz (IN)
                         net (fo=0)                   0.000     0.000    clk_100MHz
    E3                   IBUF (Prop_ibuf_I_O)         1.482     1.482 r  clk_100MHz_IBUF_inst/O
                         net (fo=1, routed)           2.025     3.506    clk_100MHz_IBUF
    BUFGCTRL_X0Y16       BUFG (Prop_bufg_I_O)         0.096     3.602 r  clk_100MHz_IBUF_BUFG_inst/O
                         net (fo=98, routed)          1.722     5.325    tmr/clk_100MHz_IBUF_BUFG
    SLICE_X1Y61          FDCE                                         r  tmr/count_reg[25]/C
  -------------------------------------------------------------------    -------------------
    SLICE_X1Y61          FDCE (Prop_fdce_C_Q)         0.456     5.781 f  tmr/count_reg[25]/Q
                         net (fo=2, routed)           0.808     6.589    tmr/count_reg[25]
    SLICE_X0Y60          LUT5 (Prop_lut5_I0_O)        0.124     6.713 r  tmr/ce_2s_i_2/O
                         net (fo=30, routed)          1.411     8.124    tmr/ce_2s_i_2_n_0
    SLICE_X0Y55          LUT6 (Prop_lut6_I3_O)        0.124     8.248 r  tmr/count[0]_i_2/O
                         net (fo=1, routed)           0.189     8.437    tmr/count[0]_i_2_n_0
    SLICE_X1Y55          CARRY4 (Prop_carry4_DI[0]_CO[3])
                                                      0.526     8.963 r  tmr/count_reg[0]_i_1/CO[3]
                         net (fo=1, routed)           0.000     8.963    tmr/count_reg[0]_i_1_n_0
    SLICE_X1Y56          CARRY4 (Prop_carry4_CI_CO[3])
                                                      0.114     9.077 r  tmr/count_reg[4]_i_1__1/CO[3]
                         net (fo=1, routed)           0.000     9.077    tmr/count_reg[4]_i_1__1_n_0
    SLICE_X1Y57          CARRY4 (Prop_carry4_CI_CO[3])
                                                      0.114     9.191 r  tmr/count_reg[8]_i_1__1/CO[3]
                         net (fo=1, routed)           0.000     9.191    tmr/count_reg[8]_i_1__1_n_0
    SLICE_X1Y58          CARRY4 (Prop_carry4_CI_CO[3])
                                                      0.114     9.305 r  tmr/count_reg[12]_i_1__1/CO[3]
                         net (fo=1, routed)           0.000     9.305    tmr/count_reg[12]_i_1__1_n_0
    SLICE_X1Y59          CARRY4 (Prop_carry4_CI_CO[3])
                                                      0.114     9.419 r  tmr/count_reg[16]_i_1__1/CO[3]
                         net (fo=1, routed)           0.000     9.419    tmr/count_reg[16]_i_1__1_n_0
    SLICE_X1Y60          CARRY4 (Prop_carry4_CI_O[2])
                                                      0.239     9.658 r  tmr/count_reg[20]_i_1/O[2]
                         net (fo=1, routed)           0.000     9.658    tmr/count_reg[20]_i_1_n_5
    SLICE_X1Y60          FDCE                                         r  tmr/count_reg[22]/D
  -------------------------------------------------------------------    -------------------

                         (clock sys_clk_pin rise edge)
                                                     10.000    10.000 r  
    E3                                                0.000    10.000 r  clk_100MHz (IN)
                         net (fo=0)                   0.000    10.000    clk_100MHz
    E3                   IBUF (Prop_ibuf_I_O)         1.411    11.411 r  clk_100MHz_IBUF_inst/O
                         net (fo=1, routed)           1.920    13.331    clk_100MHz_IBUF
    BUFGCTRL_X0Y16       BUFG (Prop_bufg_I_O)         0.091    13.422 r  clk_100MHz_IBUF_BUFG_inst/O
                         net (fo=98, routed)          1.603    15.026    tmr/clk_100MHz_IBUF_BUFG
    SLICE_X1Y60          FDCE                                         r  tmr/count_reg[22]/C
                         clock pessimism              0.275    15.301    
                         clock uncertainty           -0.035    15.265    
    SLICE_X1Y60          FDCE (Setup_fdce_C_D)        0.062    15.327    tmr/count_reg[22]
  -------------------------------------------------------------------
                         required time                         15.327    
                         arrival time                          -9.658    
  -------------------------------------------------------------------
                         slack                                  5.669    

Slack (MET) :             5.685ns  (required time - arrival time)
  Source:                 tmr/count_reg[25]/C
                            (rising edge-triggered cell FDCE clocked by sys_clk_pin  {rise@0.000ns fall@5.000ns period=10.000ns})
  Destination:            tmr/count_reg[20]/D
                            (rising edge-triggered cell FDCE clocked by sys_clk_pin  {rise@0.000ns fall@5.000ns period=10.000ns})
  Path Group:             sys_clk_pin
  Path Type:              Setup (Max at Slow Process Corner)
  Requirement:            10.000ns  (sys_clk_pin rise@10.000ns - sys_clk_pin rise@0.000ns)
  Data Path Delay:        4.318ns  (logic 1.909ns (44.215%)  route 2.409ns (55.785%))
  Logic Levels:           8  (CARRY4=6 LUT5=1 LUT6=1)
  Clock Path Skew:        -0.024ns (DCD - SCD + CPR)
    Destination Clock Delay (DCD):    5.026ns = ( 15.026 - 10.000 ) 
    Source Clock Delay      (SCD):    5.325ns
    Clock Pessimism Removal (CPR):    0.275ns
  Clock Uncertainty:      0.035ns  ((TSJ^2 + TIJ^2)^1/2 + DJ) / 2 + PE
    Total System Jitter     (TSJ):    0.071ns
    Total Input Jitter      (TIJ):    0.000ns
    Discrete Jitter          (DJ):    0.000ns
    Phase Error              (PE):    0.000ns

    Location             Delay type                Incr(ns)  Path(ns)    Netlist Resource(s)
  -------------------------------------------------------------------    -------------------
                         (clock sys_clk_pin rise edge)
                                                      0.000     0.000 r  
    E3                                                0.000     0.000 r  clk_100MHz (IN)
                         net (fo=0)                   0.000     0.000    clk_100MHz
    E3                   IBUF (Prop_ibuf_I_O)         1.482     1.482 r  clk_100MHz_IBUF_inst/O
                         net (fo=1, routed)           2.025     3.506    clk_100MHz_IBUF
    BUFGCTRL_X0Y16       BUFG (Prop_bufg_I_O)         0.096     3.602 r  clk_100MHz_IBUF_BUFG_inst/O
                         net (fo=98, routed)          1.722     5.325    tmr/clk_100MHz_IBUF_BUFG
    SLICE_X1Y61          FDCE                                         r  tmr/count_reg[25]/C
  -------------------------------------------------------------------    -------------------
    SLICE_X1Y61          FDCE (Prop_fdce_C_Q)         0.456     5.781 f  tmr/count_reg[25]/Q
                         net (fo=2, routed)           0.808     6.589    tmr/count_reg[25]
    SLICE_X0Y60          LUT5 (Prop_lut5_I0_O)        0.124     6.713 r  tmr/ce_2s_i_2/O
                         net (fo=30, routed)          1.411     8.124    tmr/ce_2s_i_2_n_0
    SLICE_X0Y55          LUT6 (Prop_lut6_I3_O)        0.124     8.248 r  tmr/count[0]_i_2/O
                         net (fo=1, routed)           0.189     8.437    tmr/count[0]_i_2_n_0
    SLICE_X1Y55          CARRY4 (Prop_carry4_DI[0]_CO[3])
                                                      0.526     8.963 r  tmr/count_reg[0]_i_1/CO[3]
                         net (fo=1, routed)           0.000     8.963    tmr/count_reg[0]_i_1_n_0
    SLICE_X1Y56          CARRY4 (Prop_carry4_CI_CO[3])
                                                      0.114     9.077 r  tmr/count_reg[4]_i_1__1/CO[3]
                         net (fo=1, routed)           0.000     9.077    tmr/count_reg[4]_i_1__1_n_0
    SLICE_X1Y57          CARRY4 (Prop_carry4_CI_CO[3])
                                                      0.114     9.191 r  tmr/count_reg[8]_i_1__1/CO[3]
                         net (fo=1, routed)           0.000     9.191    tmr/count_reg[8]_i_1__1_n_0
    SLICE_X1Y58          CARRY4 (Prop_carry4_CI_CO[3])
                                                      0.114     9.305 r  tmr/count_reg[12]_i_1__1/CO[3]
                         net (fo=1, routed)           0.000     9.305    tmr/count_reg[12]_i_1__1_n_0
    SLICE_X1Y59          CARRY4 (Prop_carry4_CI_CO[3])
                                                      0.114     9.419 r  tmr/count_reg[16]_i_1__1/CO[3]
                         net (fo=1, routed)           0.000     9.419    tmr/count_reg[16]_i_1__1_n_0
    SLICE_X1Y60          CARRY4 (Prop_carry4_CI_O[0])
                                                      0.223     9.642 r  tmr/count_reg[20]_i_1/O[0]
                         net (fo=1, routed)           0.000     9.642    tmr/count_reg[20]_i_1_n_7
    SLICE_X1Y60          FDCE                                         r  tmr/count_reg[20]/D
  -------------------------------------------------------------------    -------------------

                         (clock sys_clk_pin rise edge)
                                                     10.000    10.000 r  
    E3                                                0.000    10.000 r  clk_100MHz (IN)
                         net (fo=0)                   0.000    10.000    clk_100MHz
    E3                   IBUF (Prop_ibuf_I_O)         1.411    11.411 r  clk_100MHz_IBUF_inst/O
                         net (fo=1, routed)           1.920    13.331    clk_100MHz_IBUF
    BUFGCTRL_X0Y16       BUFG (Prop_bufg_I_O)         0.091    13.422 r  clk_100MHz_IBUF_BUFG_inst/O
                         net (fo=98, routed)          1.603    15.026    tmr/clk_100MHz_IBUF_BUFG
    SLICE_X1Y60          FDCE                                         r  tmr/count_reg[20]/C
                         clock pessimism              0.275    15.301    
                         clock uncertainty           -0.035    15.265    
    SLICE_X1Y60          FDCE (Setup_fdce_C_D)        0.062    15.327    tmr/count_reg[20]
  -------------------------------------------------------------------
                         required time                         15.327    
                         arrival time                          -9.642    
  -------------------------------------------------------------------
                         slack                                  5.685    

Slack (MET) :             5.688ns  (required time - arrival time)
  Source:                 tmr/count_reg[25]/C
                            (rising edge-triggered cell FDCE clocked by sys_clk_pin  {rise@0.000ns fall@5.000ns period=10.000ns})
  Destination:            tmr/count_reg[17]/D
                            (rising edge-triggered cell FDCE clocked by sys_clk_pin  {rise@0.000ns fall@5.000ns period=10.000ns})
  Path Group:             sys_clk_pin
  Path Type:              Setup (Max at Slow Process Corner)
  Requirement:            10.000ns  (sys_clk_pin rise@10.000ns - sys_clk_pin rise@0.000ns)
  Data Path Delay:        4.315ns  (logic 1.906ns (44.177%)  route 2.409ns (55.823%))
  Logic Levels:           7  (CARRY4=5 LUT5=1 LUT6=1)
  Clock Path Skew:        -0.024ns (DCD - SCD + CPR)
    Destination Clock Delay (DCD):    5.026ns = ( 15.026 - 10.000 ) 
    Source Clock Delay      (SCD):    5.325ns
    Clock Pessimism Removal (CPR):    0.275ns
  Clock Uncertainty:      0.035ns  ((TSJ^2 + TIJ^2)^1/2 + DJ) / 2 + PE
    Total System Jitter     (TSJ):    0.071ns
    Total Input Jitter      (TIJ):    0.000ns
    Discrete Jitter          (DJ):    0.000ns
    Phase Error              (PE):    0.000ns

    Location             Delay type                Incr(ns)  Path(ns)    Netlist Resource(s)
  -------------------------------------------------------------------    -------------------
                         (clock sys_clk_pin rise edge)
                                                      0.000     0.000 r  
    E3                                                0.000     0.000 r  clk_100MHz (IN)
                         net (fo=0)                   0.000     0.000    clk_100MHz
    E3                   IBUF (Prop_ibuf_I_O)         1.482     1.482 r  clk_100MHz_IBUF_inst/O
                         net (fo=1, routed)           2.025     3.506    clk_100MHz_IBUF
    BUFGCTRL_X0Y16       BUFG (Prop_bufg_I_O)         0.096     3.602 r  clk_100MHz_IBUF_BUFG_inst/O
                         net (fo=98, routed)          1.722     5.325    tmr/clk_100MHz_IBUF_BUFG
    SLICE_X1Y61          FDCE                                         r  tmr/count_reg[25]/C
  -------------------------------------------------------------------    -------------------
    SLICE_X1Y61          FDCE (Prop_fdce_C_Q)         0.456     5.781 f  tmr/count_reg[25]/Q
                         net (fo=2, routed)           0.808     6.589    tmr/count_reg[25]
    SLICE_X0Y60          LUT5 (Prop_lut5_I0_O)        0.124     6.713 r  tmr/ce_2s_i_2/O
                         net (fo=30, routed)          1.411     8.124    tmr/ce_2s_i_2_n_0
    SLICE_X0Y55          LUT6 (Prop_lut6_I3_O)        0.124     8.248 r  tmr/count[0]_i_2/O
                         net (fo=1, routed)           0.189     8.437    tmr/count[0]_i_2_n_0
    SLICE_X1Y55          CARRY4 (Prop_carry4_DI[0]_CO[3])
                                                      0.526     8.963 r  tmr/count_reg[0]_i_1/CO[3]
                         net (fo=1, routed)           0.000     8.963    tmr/count_reg[0]_i_1_n_0
    SLICE_X1Y56          CARRY4 (Prop_carry4_CI_CO[3])
                                                      0.114     9.077 r  tmr/count_reg[4]_i_1__1/CO[3]
                         net (fo=1, routed)           0.000     9.077    tmr/count_reg[4]_i_1__1_n_0
    SLICE_X1Y57          CARRY4 (Prop_carry4_CI_CO[3])
                                                      0.114     9.191 r  tmr/count_reg[8]_i_1__1/CO[3]
                         net (fo=1, routed)           0.000     9.191    tmr/count_reg[8]_i_1__1_n_0
    SLICE_X1Y58          CARRY4 (Prop_carry4_CI_CO[3])
                                                      0.114     9.305 r  tmr/count_reg[12]_i_1__1/CO[3]
                         net (fo=1, routed)           0.000     9.305    tmr/count_reg[12]_i_1__1_n_0
    SLICE_X1Y59          CARRY4 (Prop_carry4_CI_O[1])
                                                      0.334     9.639 r  tmr/count_reg[16]_i_1__1/O[1]
                         net (fo=1, routed)           0.000     9.639    tmr/count_reg[16]_i_1__1_n_6
    SLICE_X1Y59          FDCE                                         r  tmr/count_reg[17]/D
  -------------------------------------------------------------------    -------------------

                         (clock sys_clk_pin rise edge)
                                                     10.000    10.000 r  
    E3                                                0.000    10.000 r  clk_100MHz (IN)
                         net (fo=0)                   0.000    10.000    clk_100MHz
    E3                   IBUF (Prop_ibuf_I_O)         1.411    11.411 r  clk_100MHz_IBUF_inst/O
                         net (fo=1, routed)           1.920    13.331    clk_100MHz_IBUF
    BUFGCTRL_X0Y16       BUFG (Prop_bufg_I_O)         0.091    13.422 r  clk_100MHz_IBUF_BUFG_inst/O
                         net (fo=98, routed)          1.603    15.026    tmr/clk_100MHz_IBUF_BUFG
    SLICE_X1Y59          FDCE                                         r  tmr/count_reg[17]/C
                         clock pessimism              0.275    15.301    
                         clock uncertainty           -0.035    15.265    
    SLICE_X1Y59          FDCE (Setup_fdce_C_D)        0.062    15.327    tmr/count_reg[17]
  -------------------------------------------------------------------
                         required time                         15.327    
                         arrival time                          -9.639    
  -------------------------------------------------------------------
                         slack                                  5.688    

Slack (MET) :             5.709ns  (required time - arrival time)
  Source:                 tmr/count_reg[25]/C
                            (rising edge-triggered cell FDCE clocked by sys_clk_pin  {rise@0.000ns fall@5.000ns period=10.000ns})
  Destination:            tmr/count_reg[19]/D
                            (rising edge-triggered cell FDCE clocked by sys_clk_pin  {rise@0.000ns fall@5.000ns period=10.000ns})
  Path Group:             sys_clk_pin
  Path Type:              Setup (Max at Slow Process Corner)
  Requirement:            10.000ns  (sys_clk_pin rise@10.000ns - sys_clk_pin rise@0.000ns)
  Data Path Delay:        4.294ns  (logic 1.885ns (43.904%)  route 2.409ns (56.096%))
  Logic Levels:           7  (CARRY4=5 LUT5=1 LUT6=1)
  Clock Path Skew:        -0.024ns (DCD - SCD + CPR)
    Destination Clock Delay (DCD):    5.026ns = ( 15.026 - 10.000 ) 
    Source Clock Delay      (SCD):    5.325ns
    Clock Pessimism Removal (CPR):    0.275ns
  Clock Uncertainty:      0.035ns  ((TSJ^2 + TIJ^2)^1/2 + DJ) / 2 + PE
    Total System Jitter     (TSJ):    0.071ns
    Total Input Jitter      (TIJ):    0.000ns
    Discrete Jitter          (DJ):    0.000ns
    Phase Error              (PE):    0.000ns

    Location             Delay type                Incr(ns)  Path(ns)    Netlist Resource(s)
  -------------------------------------------------------------------    -------------------
                         (clock sys_clk_pin rise edge)
                                                      0.000     0.000 r  
    E3                                                0.000     0.000 r  clk_100MHz (IN)
                         net (fo=0)                   0.000     0.000    clk_100MHz
    E3                   IBUF (Prop_ibuf_I_O)         1.482     1.482 r  clk_100MHz_IBUF_inst/O
                         net (fo=1, routed)           2.025     3.506    clk_100MHz_IBUF
    BUFGCTRL_X0Y16       BUFG (Prop_bufg_I_O)         0.096     3.602 r  clk_100MHz_IBUF_BUFG_inst/O
                         net (fo=98, routed)          1.722     5.325    tmr/clk_100MHz_IBUF_BUFG
    SLICE_X1Y61          FDCE                                         r  tmr/count_reg[25]/C
  -------------------------------------------------------------------    -------------------
    SLICE_X1Y61          FDCE (Prop_fdce_C_Q)         0.456     5.781 f  tmr/count_reg[25]/Q
                         net (fo=2, routed)           0.808     6.589    tmr/count_reg[25]
    SLICE_X0Y60          LUT5 (Prop_lut5_I0_O)        0.124     6.713 r  tmr/ce_2s_i_2/O
                         net (fo=30, routed)          1.411     8.124    tmr/ce_2s_i_2_n_0
    SLICE_X0Y55          LUT6 (Prop_lut6_I3_O)        0.124     8.248 r  tmr/count[0]_i_2/O
                         net (fo=1, routed)           0.189     8.437    tmr/count[0]_i_2_n_0
    SLICE_X1Y55          CARRY4 (Prop_carry4_DI[0]_CO[3])
                                                      0.526     8.963 r  tmr/count_reg[0]_i_1/CO[3]
                         net (fo=1, routed)           0.000     8.963    tmr/count_reg[0]_i_1_n_0
    SLICE_X1Y56          CARRY4 (Prop_carry4_CI_CO[3])
                                                      0.114     9.077 r  tmr/count_reg[4]_i_1__1/CO[3]
                         net (fo=1, routed)           0.000     9.077    tmr/count_reg[4]_i_1__1_n_0
    SLICE_X1Y57          CARRY4 (Prop_carry4_CI_CO[3])
                                                      0.114     9.191 r  tmr/count_reg[8]_i_1__1/CO[3]
                         net (fo=1, routed)           0.000     9.191    tmr/count_reg[8]_i_1__1_n_0
    SLICE_X1Y58          CARRY4 (Prop_carry4_CI_CO[3])
                                                      0.114     9.305 r  tmr/count_reg[12]_i_1__1/CO[3]
                         net (fo=1, routed)           0.000     9.305    tmr/count_reg[12]_i_1__1_n_0
    SLICE_X1Y59          CARRY4 (Prop_carry4_CI_O[3])
                                                      0.313     9.618 r  tmr/count_reg[16]_i_1__1/O[3]
                         net (fo=1, routed)           0.000     9.618    tmr/count_reg[16]_i_1__1_n_4
    SLICE_X1Y59          FDCE                                         r  tmr/count_reg[19]/D
  -------------------------------------------------------------------    -------------------

                         (clock sys_clk_pin rise edge)
                                                     10.000    10.000 r  
    E3                                                0.000    10.000 r  clk_100MHz (IN)
                         net (fo=0)                   0.000    10.000    clk_100MHz
    E3                   IBUF (Prop_ibuf_I_O)         1.411    11.411 r  clk_100MHz_IBUF_inst/O
                         net (fo=1, routed)           1.920    13.331    clk_100MHz_IBUF
    BUFGCTRL_X0Y16       BUFG (Prop_bufg_I_O)         0.091    13.422 r  clk_100MHz_IBUF_BUFG_inst/O
                         net (fo=98, routed)          1.603    15.026    tmr/clk_100MHz_IBUF_BUFG
    SLICE_X1Y59          FDCE                                         r  tmr/count_reg[19]/C
                         clock pessimism              0.275    15.301    
                         clock uncertainty           -0.035    15.265    
    SLICE_X1Y59          FDCE (Setup_fdce_C_D)        0.062    15.327    tmr/count_reg[19]
  -------------------------------------------------------------------
                         required time                         15.327    
                         arrival time                          -9.618    
  -------------------------------------------------------------------
                         slack                                  5.709    





Min Delay Paths
--------------------------------------------------------------------------------------
Slack (MET) :             0.186ns  (arrival time - required time)
  Source:                 tmr/count_reg[26]/C
                            (rising edge-triggered cell FDCE clocked by sys_clk_pin  {rise@0.000ns fall@5.000ns period=10.000ns})
  Destination:            tmr/ce_2s_reg/D
                            (rising edge-triggered cell FDCE clocked by sys_clk_pin  {rise@0.000ns fall@5.000ns period=10.000ns})
  Path Group:             sys_clk_pin
  Path Type:              Hold (Min at Fast Process Corner)
  Requirement:            0.000ns  (sys_clk_pin rise@0.000ns - sys_clk_pin rise@0.000ns)
  Data Path Delay:        0.291ns  (logic 0.186ns (63.837%)  route 0.105ns (36.163%))
  Logic Levels:           1  (LUT5=1)
  Clock Path Skew:        0.013ns (DCD - SCD - CPR)
    Destination Clock Delay (DCD):    2.040ns
    Source Clock Delay      (SCD):    1.521ns
    Clock Pessimism Removal (CPR):    0.505ns

    Location             Delay type                Incr(ns)  Path(ns)    Netlist Resource(s)
  -------------------------------------------------------------------    -------------------
                         (clock sys_clk_pin rise edge)
                                                      0.000     0.000 r  
    E3                                                0.000     0.000 r  clk_100MHz (IN)
                         net (fo=0)                   0.000     0.000    clk_100MHz
    E3                   IBUF (Prop_ibuf_I_O)         0.250     0.250 r  clk_100MHz_IBUF_inst/O
                         net (fo=1, routed)           0.644     0.894    clk_100MHz_IBUF
    BUFGCTRL_X0Y16       BUFG (Prop_bufg_I_O)         0.026     0.920 r  clk_100MHz_IBUF_BUFG_inst/O
                         net (fo=98, routed)          0.602     1.521    tmr/clk_100MHz_IBUF_BUFG
    SLICE_X1Y61          FDCE                                         r  tmr/count_reg[26]/C
  -------------------------------------------------------------------    -------------------
    SLICE_X1Y61          FDCE (Prop_fdce_C_Q)         0.141     1.662 r  tmr/count_reg[26]/Q
                         net (fo=31, routed)          0.105     1.768    tmr/count_reg[26]
    SLICE_X0Y61          LUT5 (Prop_lut5_I1_O)        0.045     1.813 r  tmr/ce_2s_i_1/O
                         net (fo=1, routed)           0.000     1.813    tmr/load
    SLICE_X0Y61          FDCE                                         r  tmr/ce_2s_reg/D
  -------------------------------------------------------------------    -------------------

                         (clock sys_clk_pin rise edge)
                                                      0.000     0.000 r  
    E3                                                0.000     0.000 r  clk_100MHz (IN)
                         net (fo=0)                   0.000     0.000    clk_100MHz
    E3                   IBUF (Prop_ibuf_I_O)         0.438     0.438 r  clk_100MHz_IBUF_inst/O
                         net (fo=1, routed)           0.699     1.136    clk_100MHz_IBUF
    BUFGCTRL_X0Y16       BUFG (Prop_bufg_I_O)         0.029     1.165 r  clk_100MHz_IBUF_BUFG_inst/O
                         net (fo=98, routed)          0.875     2.040    tmr/clk_100MHz_IBUF_BUFG
    SLICE_X0Y61          FDCE                                         r  tmr/ce_2s_reg/C
                         clock pessimism             -0.505     1.534    
    SLICE_X0Y61          FDCE (Hold_fdce_C_D)         0.092     1.626    tmr/ce_2s_reg
  -------------------------------------------------------------------
                         required time                         -1.626    
                         arrival time                           1.813    
  -------------------------------------------------------------------
                         slack                                  0.186    

Slack (MET) :             0.197ns  (arrival time - required time)
  Source:                 db_e/btn_sync_1_reg/C
                            (rising edge-triggered cell FDRE clocked by sys_clk_pin  {rise@0.000ns fall@5.000ns period=10.000ns})
  Destination:            db_e/btn_stable_reg/D
                            (rising edge-triggered cell FDRE clocked by sys_clk_pin  {rise@0.000ns fall@5.000ns period=10.000ns})
  Path Group:             sys_clk_pin
  Path Type:              Hold (Min at Fast Process Corner)
  Requirement:            0.000ns  (sys_clk_pin rise@0.000ns - sys_clk_pin rise@0.000ns)
  Data Path Delay:        0.317ns  (logic 0.212ns (66.805%)  route 0.105ns (33.195%))
  Logic Levels:           1  (LUT4=1)
  Clock Path Skew:        0.013ns (DCD - SCD - CPR)
    Destination Clock Delay (DCD):    2.041ns
    Source Clock Delay      (SCD):    1.522ns
    Clock Pessimism Removal (CPR):    0.505ns

    Location             Delay type                Incr(ns)  Path(ns)    Netlist Resource(s)
  -------------------------------------------------------------------    -------------------
                         (clock sys_clk_pin rise edge)
                                                      0.000     0.000 r  
    E3                                                0.000     0.000 r  clk_100MHz (IN)
                         net (fo=0)                   0.000     0.000    clk_100MHz
    E3                   IBUF (Prop_ibuf_I_O)         0.250     0.250 r  clk_100MHz_IBUF_inst/O
                         net (fo=1, routed)           0.644     0.894    clk_100MHz_IBUF
    BUFGCTRL_X0Y16       BUFG (Prop_bufg_I_O)         0.026     0.920 r  clk_100MHz_IBUF_BUFG_inst/O
                         net (fo=98, routed)          0.603     1.522    db_e/clk_100MHz_IBUF_BUFG
    SLICE_X2Y59          FDRE                                         r  db_e/btn_sync_1_reg/C
  -------------------------------------------------------------------    -------------------
    SLICE_X2Y59          FDRE (Prop_fdre_C_Q)         0.164     1.686 r  db_e/btn_sync_1_reg/Q
                         net (fo=3, routed)           0.105     1.792    db_e/btn_sync_1
    SLICE_X3Y59          LUT4 (Prop_lut4_I0_O)        0.048     1.840 r  db_e/btn_stable_i_1/O
                         net (fo=1, routed)           0.000     1.840    db_e/btn_stable_i_1_n_0
    SLICE_X3Y59          FDRE                                         r  db_e/btn_stable_reg/D
  -------------------------------------------------------------------    -------------------

                         (clock sys_clk_pin rise edge)
                                                      0.000     0.000 r  
    E3                                                0.000     0.000 r  clk_100MHz (IN)
                         net (fo=0)                   0.000     0.000    clk_100MHz
    E3                   IBUF (Prop_ibuf_I_O)         0.438     0.438 r  clk_100MHz_IBUF_inst/O
                         net (fo=1, routed)           0.699     1.136    clk_100MHz_IBUF
    BUFGCTRL_X0Y16       BUFG (Prop_bufg_I_O)         0.029     1.165 r  clk_100MHz_IBUF_BUFG_inst/O
                         net (fo=98, routed)          0.876     2.041    db_e/clk_100MHz_IBUF_BUFG
    SLICE_X3Y59          FDRE                                         r  db_e/btn_stable_reg/C
                         clock pessimism             -0.505     1.535    
    SLICE_X3Y59          FDRE (Hold_fdre_C_D)         0.107     1.642    db_e/btn_stable_reg
  -------------------------------------------------------------------
                         required time                         -1.642    
                         arrival time                           1.840    
  -------------------------------------------------------------------
                         slack                                  0.197    

Slack (MET) :             0.244ns  (arrival time - required time)
  Source:                 db_r/btn_stable_reg/C
                            (rising edge-triggered cell FDRE clocked by sys_clk_pin  {rise@0.000ns fall@5.000ns period=10.000ns})
  Destination:            db_r/btn_level_reg/D
                            (rising edge-triggered cell FDRE clocked by sys_clk_pin  {rise@0.000ns fall@5.000ns period=10.000ns})
  Path Group:             sys_clk_pin
  Path Type:              Hold (Min at Fast Process Corner)
  Requirement:            0.000ns  (sys_clk_pin rise@0.000ns - sys_clk_pin rise@0.000ns)
  Data Path Delay:        0.354ns  (logic 0.141ns (39.847%)  route 0.213ns (60.153%))
  Logic Levels:           0  
  Clock Path Skew:        0.040ns (DCD - SCD - CPR)
    Destination Clock Delay (DCD):    2.041ns
    Source Clock Delay      (SCD):    1.521ns
    Clock Pessimism Removal (CPR):    0.479ns

    Location             Delay type                Incr(ns)  Path(ns)    Netlist Resource(s)
  -------------------------------------------------------------------    -------------------
                         (clock sys_clk_pin rise edge)
                                                      0.000     0.000 r  
    E3                                                0.000     0.000 r  clk_100MHz (IN)
                         net (fo=0)                   0.000     0.000    clk_100MHz
    E3                   IBUF (Prop_ibuf_I_O)         0.250     0.250 r  clk_100MHz_IBUF_inst/O
                         net (fo=1, routed)           0.644     0.894    clk_100MHz_IBUF
    BUFGCTRL_X0Y16       BUFG (Prop_bufg_I_O)         0.026     0.920 r  clk_100MHz_IBUF_BUFG_inst/O
                         net (fo=98, routed)          0.602     1.521    db_r/clk_100MHz_IBUF_BUFG
    SLICE_X7Y57          FDRE                                         r  db_r/btn_stable_reg/C
  -------------------------------------------------------------------    -------------------
    SLICE_X7Y57          FDRE (Prop_fdre_C_Q)         0.141     1.662 r  db_r/btn_stable_reg/Q
                         net (fo=4, routed)           0.213     1.875    db_r/btn_stable_reg_n_0
    SLICE_X3Y57          FDRE                                         r  db_r/btn_level_reg/D
  -------------------------------------------------------------------    -------------------

                         (clock sys_clk_pin rise edge)
                                                      0.000     0.000 r  
    E3                                                0.000     0.000 r  clk_100MHz (IN)
                         net (fo=0)                   0.000     0.000    clk_100MHz
    E3                   IBUF (Prop_ibuf_I_O)         0.438     0.438 r  clk_100MHz_IBUF_inst/O
                         net (fo=1, routed)           0.699     1.136    clk_100MHz_IBUF
    BUFGCTRL_X0Y16       BUFG (Prop_bufg_I_O)         0.029     1.165 r  clk_100MHz_IBUF_BUFG_inst/O
                         net (fo=98, routed)          0.876     2.041    db_r/clk_100MHz_IBUF_BUFG
    SLICE_X3Y57          FDRE                                         r  db_r/btn_level_reg/C
                         clock pessimism             -0.479     1.561    
    SLICE_X3Y57          FDRE (Hold_fdre_C_D)         0.070     1.631    db_r/btn_level_reg
  -------------------------------------------------------------------
                         required time                         -1.631    
                         arrival time                           1.875    
  -------------------------------------------------------------------
                         slack                                  0.244    

Slack (MET) :             0.249ns  (arrival time - required time)
  Source:                 db_r/btn_sync_0_reg/C
                            (rising edge-triggered cell FDRE clocked by sys_clk_pin  {rise@0.000ns fall@5.000ns period=10.000ns})
  Destination:            db_r/btn_sync_1_reg/D
                            (rising edge-triggered cell FDRE clocked by sys_clk_pin  {rise@0.000ns fall@5.000ns period=10.000ns})
  Path Group:             sys_clk_pin
  Path Type:              Hold (Min at Fast Process Corner)
  Requirement:            0.000ns  (sys_clk_pin rise@0.000ns - sys_clk_pin rise@0.000ns)
  Data Path Delay:        0.315ns  (logic 0.141ns (44.783%)  route 0.174ns (55.217%))
  Logic Levels:           0  
  Clock Path Skew:        0.000ns (DCD - SCD - CPR)
    Destination Clock Delay (DCD):    2.034ns
    Source Clock Delay      (SCD):    1.518ns
    Clock Pessimism Removal (CPR):    0.515ns

    Location             Delay type                Incr(ns)  Path(ns)    Netlist Resource(s)
  -------------------------------------------------------------------    -------------------
                         (clock sys_clk_pin rise edge)
                                                      0.000     0.000 r  
    E3                                                0.000     0.000 r  clk_100MHz (IN)
                         net (fo=0)                   0.000     0.000    clk_100MHz
    E3                   IBUF (Prop_ibuf_I_O)         0.250     0.250 r  clk_100MHz_IBUF_inst/O
                         net (fo=1, routed)           0.644     0.894    clk_100MHz_IBUF
    BUFGCTRL_X0Y16       BUFG (Prop_bufg_I_O)         0.026     0.920 r  clk_100MHz_IBUF_BUFG_inst/O
                         net (fo=98, routed)          0.599     1.518    db_r/clk_100MHz_IBUF_BUFG
    SLICE_X4Y64          FDRE                                         r  db_r/btn_sync_0_reg/C
  -------------------------------------------------------------------    -------------------
    SLICE_X4Y64          FDRE (Prop_fdre_C_Q)         0.141     1.659 r  db_r/btn_sync_0_reg/Q
                         net (fo=1, routed)           0.174     1.833    db_r/btn_sync_0_reg_n_0
    SLICE_X4Y64          FDRE                                         r  db_r/btn_sync_1_reg/D
  -------------------------------------------------------------------    -------------------

                         (clock sys_clk_pin rise edge)
                                                      0.000     0.000 r  
    E3                                                0.000     0.000 r  clk_100MHz (IN)
                         net (fo=0)                   0.000     0.000    clk_100MHz
    E3                   IBUF (Prop_ibuf_I_O)         0.438     0.438 r  clk_100MHz_IBUF_inst/O
                         net (fo=1, routed)           0.699     1.136    clk_100MHz_IBUF
    BUFGCTRL_X0Y16       BUFG (Prop_bufg_I_O)         0.029     1.165 r  clk_100MHz_IBUF_BUFG_inst/O
                         net (fo=98, routed)          0.869     2.034    db_r/clk_100MHz_IBUF_BUFG
    SLICE_X4Y64          FDRE                                         r  db_r/btn_sync_1_reg/C
                         clock pessimism             -0.515     1.518    
    SLICE_X4Y64          FDRE (Hold_fdre_C_D)         0.066     1.584    db_r/btn_sync_1_reg
  -------------------------------------------------------------------
                         required time                         -1.584    
                         arrival time                           1.833    
  -------------------------------------------------------------------
                         slack                                  0.249    

Slack (MET) :             0.254ns  (arrival time - required time)
  Source:                 disp/scan_reg[10]/C
                            (rising edge-triggered cell FDRE clocked by sys_clk_pin  {rise@0.000ns fall@5.000ns period=10.000ns})
  Destination:            disp/scan_reg[10]/D
                            (rising edge-triggered cell FDRE clocked by sys_clk_pin  {rise@0.000ns fall@5.000ns period=10.000ns})
  Path Group:             sys_clk_pin
  Path Type:              Hold (Min at Fast Process Corner)
  Requirement:            0.000ns  (sys_clk_pin rise@0.000ns - sys_clk_pin rise@0.000ns)
  Data Path Delay:        0.388ns  (logic 0.274ns (70.550%)  route 0.114ns (29.450%))
  Logic Levels:           1  (CARRY4=1)
  Clock Path Skew:        0.000ns (DCD - SCD - CPR)
    Destination Clock Delay (DCD):    2.038ns
    Source Clock Delay      (SCD):    1.520ns
    Clock Pessimism Removal (CPR):    0.517ns

    Location             Delay type                Incr(ns)  Path(ns)    Netlist Resource(s)
  -------------------------------------------------------------------    -------------------
                         (clock sys_clk_pin rise edge)
                                                      0.000     0.000 r  
    E3                                                0.000     0.000 r  clk_100MHz (IN)
                         net (fo=0)                   0.000     0.000    clk_100MHz
    E3                   IBUF (Prop_ibuf_I_O)         0.250     0.250 r  clk_100MHz_IBUF_inst/O
                         net (fo=1, routed)           0.644     0.894    clk_100MHz_IBUF
    BUFGCTRL_X0Y16       BUFG (Prop_bufg_I_O)         0.026     0.920 r  clk_100MHz_IBUF_BUFG_inst/O
                         net (fo=98, routed)          0.601     1.520    disp/clk_100MHz_IBUF_BUFG
    SLICE_X2Y62          FDRE                                         r  disp/scan_reg[10]/C
  -------------------------------------------------------------------    -------------------
    SLICE_X2Y62          FDRE (Prop_fdre_C_Q)         0.164     1.684 r  disp/scan_reg[10]/Q
                         net (fo=1, routed)           0.114     1.799    disp/scan_reg_n_0_[10]
    SLICE_X2Y62          CARRY4 (Prop_carry4_S[2]_O[2])
                                                      0.110     1.909 r  disp/scan_reg[8]_i_1/O[2]
                         net (fo=1, routed)           0.000     1.909    disp/scan_reg[8]_i_1_n_5
    SLICE_X2Y62          FDRE                                         r  disp/scan_reg[10]/D
  -------------------------------------------------------------------    -------------------

                         (clock sys_clk_pin rise edge)
                                                      0.000     0.000 r  
    E3                                                0.000     0.000 r  clk_100MHz (IN)
                         net (fo=0)                   0.000     0.000    clk_100MHz
    E3                   IBUF (Prop_ibuf_I_O)         0.438     0.438 r  clk_100MHz_IBUF_inst/O
                         net (fo=1, routed)           0.699     1.136    clk_100MHz_IBUF
    BUFGCTRL_X0Y16       BUFG (Prop_bufg_I_O)         0.029     1.165 r  clk_100MHz_IBUF_BUFG_inst/O
                         net (fo=98, routed)          0.873     2.038    disp/clk_100MHz_IBUF_BUFG
    SLICE_X2Y62          FDRE                                         r  disp/scan_reg[10]/C
                         clock pessimism             -0.517     1.520    
    SLICE_X2Y62          FDRE (Hold_fdre_C_D)         0.134     1.654    disp/scan_reg[10]
  -------------------------------------------------------------------
                         required time                         -1.654    
                         arrival time                           1.909    
  -------------------------------------------------------------------
                         slack                                  0.254    

Slack (MET) :             0.254ns  (arrival time - required time)
  Source:                 disp/scan_reg[6]/C
                            (rising edge-triggered cell FDRE clocked by sys_clk_pin  {rise@0.000ns fall@5.000ns period=10.000ns})
  Destination:            disp/scan_reg[6]/D
                            (rising edge-triggered cell FDRE clocked by sys_clk_pin  {rise@0.000ns fall@5.000ns period=10.000ns})
  Path Group:             sys_clk_pin
  Path Type:              Hold (Min at Fast Process Corner)
  Requirement:            0.000ns  (sys_clk_pin rise@0.000ns - sys_clk_pin rise@0.000ns)
  Data Path Delay:        0.388ns  (logic 0.274ns (70.550%)  route 0.114ns (29.450%))
  Logic Levels:           1  (CARRY4=1)
  Clock Path Skew:        0.000ns (DCD - SCD - CPR)
    Destination Clock Delay (DCD):    2.040ns
    Source Clock Delay      (SCD):    1.521ns
    Clock Pessimism Removal (CPR):    0.518ns

    Location             Delay type                Incr(ns)  Path(ns)    Netlist Resource(s)
  -------------------------------------------------------------------    -------------------
                         (clock sys_clk_pin rise edge)
                                                      0.000     0.000 r  
    E3                                                0.000     0.000 r  clk_100MHz (IN)
                         net (fo=0)                   0.000     0.000    clk_100MHz
    E3                   IBUF (Prop_ibuf_I_O)         0.250     0.250 r  clk_100MHz_IBUF_inst/O
                         net (fo=1, routed)           0.644     0.894    clk_100MHz_IBUF
    BUFGCTRL_X0Y16       BUFG (Prop_bufg_I_O)         0.026     0.920 r  clk_100MHz_IBUF_BUFG_inst/O
                         net (fo=98, routed)          0.602     1.521    disp/clk_100MHz_IBUF_BUFG
    SLICE_X2Y61          FDRE                                         r  disp/scan_reg[6]/C
  -------------------------------------------------------------------    -------------------
    SLICE_X2Y61          FDRE (Prop_fdre_C_Q)         0.164     1.685 r  disp/scan_reg[6]/Q
                         net (fo=1, routed)           0.114     1.800    disp/scan_reg_n_0_[6]
    SLICE_X2Y61          CARRY4 (Prop_carry4_S[2]_O[2])
                                                      0.110     1.910 r  disp/scan_reg[4]_i_1/O[2]
                         net (fo=1, routed)           0.000     1.910    disp/scan_reg[4]_i_1_n_5
    SLICE_X2Y61          FDRE                                         r  disp/scan_reg[6]/D
  -------------------------------------------------------------------    -------------------

                         (clock sys_clk_pin rise edge)
                                                      0.000     0.000 r  
    E3                                                0.000     0.000 r  clk_100MHz (IN)
                         net (fo=0)                   0.000     0.000    clk_100MHz
    E3                   IBUF (Prop_ibuf_I_O)         0.438     0.438 r  clk_100MHz_IBUF_inst/O
                         net (fo=1, routed)           0.699     1.136    clk_100MHz_IBUF
    BUFGCTRL_X0Y16       BUFG (Prop_bufg_I_O)         0.029     1.165 r  clk_100MHz_IBUF_BUFG_inst/O
                         net (fo=98, routed)          0.875     2.040    disp/clk_100MHz_IBUF_BUFG
    SLICE_X2Y61          FDRE                                         r  disp/scan_reg[6]/C
                         clock pessimism             -0.518     1.521    
    SLICE_X2Y61          FDRE (Hold_fdre_C_D)         0.134     1.655    disp/scan_reg[6]
  -------------------------------------------------------------------
                         required time                         -1.655    
                         arrival time                           1.910    
  -------------------------------------------------------------------
                         slack                                  0.254    

Slack (MET) :             0.262ns  (arrival time - required time)
  Source:                 tmr/count_reg[19]/C
                            (rising edge-triggered cell FDCE clocked by sys_clk_pin  {rise@0.000ns fall@5.000ns period=10.000ns})
  Destination:            tmr/count_reg[19]/D
                            (rising edge-triggered cell FDCE clocked by sys_clk_pin  {rise@0.000ns fall@5.000ns period=10.000ns})
  Path Group:             sys_clk_pin
  Path Type:              Hold (Min at Fast Process Corner)
  Requirement:            0.000ns  (sys_clk_pin rise@0.000ns - sys_clk_pin rise@0.000ns)
  Data Path Delay:        0.367ns  (logic 0.249ns (67.829%)  route 0.118ns (32.171%))
  Logic Levels:           2  (CARRY4=1 LUT6=1)
  Clock Path Skew:        0.000ns (DCD - SCD - CPR)
    Destination Clock Delay (DCD):    2.041ns
    Source Clock Delay      (SCD):    1.522ns
    Clock Pessimism Removal (CPR):    0.518ns

    Location             Delay type                Incr(ns)  Path(ns)    Netlist Resource(s)
  -------------------------------------------------------------------    -------------------
                         (clock sys_clk_pin rise edge)
                                                      0.000     0.000 r  
    E3                                                0.000     0.000 r  clk_100MHz (IN)
                         net (fo=0)                   0.000     0.000    clk_100MHz
    E3                   IBUF (Prop_ibuf_I_O)         0.250     0.250 r  clk_100MHz_IBUF_inst/O
                         net (fo=1, routed)           0.644     0.894    clk_100MHz_IBUF
    BUFGCTRL_X0Y16       BUFG (Prop_bufg_I_O)         0.026     0.920 r  clk_100MHz_IBUF_BUFG_inst/O
                         net (fo=98, routed)          0.603     1.522    tmr/clk_100MHz_IBUF_BUFG
    SLICE_X1Y59          FDCE                                         r  tmr/count_reg[19]/C
  -------------------------------------------------------------------    -------------------
    SLICE_X1Y59          FDCE (Prop_fdce_C_Q)         0.141     1.663 r  tmr/count_reg[19]/Q
                         net (fo=2, routed)           0.118     1.781    tmr/count_reg[19]
    SLICE_X1Y59          LUT6 (Prop_lut6_I0_O)        0.045     1.826 r  tmr/count[16]_i_2/O
                         net (fo=1, routed)           0.000     1.826    tmr/count[16]_i_2_n_0
    SLICE_X1Y59          CARRY4 (Prop_carry4_S[3]_O[3])
                                                      0.063     1.889 r  tmr/count_reg[16]_i_1__1/O[3]
                         net (fo=1, routed)           0.000     1.889    tmr/count_reg[16]_i_1__1_n_4
    SLICE_X1Y59          FDCE                                         r  tmr/count_reg[19]/D
  -------------------------------------------------------------------    -------------------

                         (clock sys_clk_pin rise edge)
                                                      0.000     0.000 r  
    E3                                                0.000     0.000 r  clk_100MHz (IN)
                         net (fo=0)                   0.000     0.000    clk_100MHz
    E3                   IBUF (Prop_ibuf_I_O)         0.438     0.438 r  clk_100MHz_IBUF_inst/O
                         net (fo=1, routed)           0.699     1.136    clk_100MHz_IBUF
    BUFGCTRL_X0Y16       BUFG (Prop_bufg_I_O)         0.029     1.165 r  clk_100MHz_IBUF_BUFG_inst/O
                         net (fo=98, routed)          0.876     2.041    tmr/clk_100MHz_IBUF_BUFG
    SLICE_X1Y59          FDCE                                         r  tmr/count_reg[19]/C
                         clock pessimism             -0.518     1.522    
    SLICE_X1Y59          FDCE (Hold_fdce_C_D)         0.105     1.627    tmr/count_reg[19]
  -------------------------------------------------------------------
                         required time                         -1.627    
                         arrival time                           1.889    
  -------------------------------------------------------------------
                         slack                                  0.262    

Slack (MET) :             0.266ns  (arrival time - required time)
  Source:                 db_r/count_reg[14]/C
                            (rising edge-triggered cell FDRE clocked by sys_clk_pin  {rise@0.000ns fall@5.000ns period=10.000ns})
  Destination:            db_r/count_reg[14]/D
                            (rising edge-triggered cell FDRE clocked by sys_clk_pin  {rise@0.000ns fall@5.000ns period=10.000ns})
  Path Group:             sys_clk_pin
  Path Type:              Hold (Min at Fast Process Corner)
  Requirement:            0.000ns  (sys_clk_pin rise@0.000ns - sys_clk_pin rise@0.000ns)
  Data Path Delay:        0.400ns  (logic 0.274ns (68.524%)  route 0.126ns (31.476%))
  Logic Levels:           1  (CARRY4=1)
  Clock Path Skew:        0.000ns (DCD - SCD - CPR)
    Destination Clock Delay (DCD):    2.038ns
    Source Clock Delay      (SCD):    1.521ns
    Clock Pessimism Removal (CPR):    0.516ns

    Location             Delay type                Incr(ns)  Path(ns)    Netlist Resource(s)
  -------------------------------------------------------------------    -------------------
                         (clock sys_clk_pin rise edge)
                                                      0.000     0.000 r  
    E3                                                0.000     0.000 r  clk_100MHz (IN)
                         net (fo=0)                   0.000     0.000    clk_100MHz
    E3                   IBUF (Prop_ibuf_I_O)         0.250     0.250 r  clk_100MHz_IBUF_inst/O
                         net (fo=1, routed)           0.644     0.894    clk_100MHz_IBUF
    BUFGCTRL_X0Y16       BUFG (Prop_bufg_I_O)         0.026     0.920 r  clk_100MHz_IBUF_BUFG_inst/O
                         net (fo=98, routed)          0.602     1.521    db_r/clk_100MHz_IBUF_BUFG
    SLICE_X6Y58          FDRE                                         r  db_r/count_reg[14]/C
  -------------------------------------------------------------------    -------------------
    SLICE_X6Y58          FDRE (Prop_fdre_C_Q)         0.164     1.685 r  db_r/count_reg[14]/Q
                         net (fo=2, routed)           0.126     1.811    db_r/count_reg[14]
    SLICE_X6Y58          CARRY4 (Prop_carry4_S[2]_O[2])
                                                      0.110     1.921 r  db_r/count_reg[12]_i_1__0/O[2]
                         net (fo=1, routed)           0.000     1.921    db_r/count_reg[12]_i_1__0_n_5
    SLICE_X6Y58          FDRE                                         r  db_r/count_reg[14]/D
  -------------------------------------------------------------------    -------------------

                         (clock sys_clk_pin rise edge)
                                                      0.000     0.000 r  
    E3                                                0.000     0.000 r  clk_100MHz (IN)
                         net (fo=0)                   0.000     0.000    clk_100MHz
    E3                   IBUF (Prop_ibuf_I_O)         0.438     0.438 r  clk_100MHz_IBUF_inst/O
                         net (fo=1, routed)           0.699     1.136    clk_100MHz_IBUF
    BUFGCTRL_X0Y16       BUFG (Prop_bufg_I_O)         0.029     1.165 r  clk_100MHz_IBUF_BUFG_inst/O
                         net (fo=98, routed)          0.873     2.038    db_r/clk_100MHz_IBUF_BUFG
    SLICE_X6Y58          FDRE                                         r  db_r/count_reg[14]/C
                         clock pessimism             -0.516     1.521    
    SLICE_X6Y58          FDRE (Hold_fdre_C_D)         0.134     1.655    db_r/count_reg[14]
  -------------------------------------------------------------------
                         required time                         -1.655    
                         arrival time                           1.921    
  -------------------------------------------------------------------
                         slack                                  0.266    

Slack (MET) :             0.267ns  (arrival time - required time)
  Source:                 db_r/count_reg[10]/C
                            (rising edge-triggered cell FDRE clocked by sys_clk_pin  {rise@0.000ns fall@5.000ns period=10.000ns})
  Destination:            db_r/count_reg[10]/D
                            (rising edge-triggered cell FDRE clocked by sys_clk_pin  {rise@0.000ns fall@5.000ns period=10.000ns})
  Path Group:             sys_clk_pin
  Path Type:              Hold (Min at Fast Process Corner)
  Requirement:            0.000ns  (sys_clk_pin rise@0.000ns - sys_clk_pin rise@0.000ns)
  Data Path Delay:        0.401ns  (logic 0.274ns (68.412%)  route 0.127ns (31.588%))
  Logic Levels:           1  (CARRY4=1)
  Clock Path Skew:        0.000ns (DCD - SCD - CPR)
    Destination Clock Delay (DCD):    2.038ns
    Source Clock Delay      (SCD):    1.521ns
    Clock Pessimism Removal (CPR):    0.516ns

    Location             Delay type                Incr(ns)  Path(ns)    Netlist Resource(s)
  -------------------------------------------------------------------    -------------------
                         (clock sys_clk_pin rise edge)
                                                      0.000     0.000 r  
    E3                                                0.000     0.000 r  clk_100MHz (IN)
                         net (fo=0)                   0.000     0.000    clk_100MHz
    E3                   IBUF (Prop_ibuf_I_O)         0.250     0.250 r  clk_100MHz_IBUF_inst/O
                         net (fo=1, routed)           0.644     0.894    clk_100MHz_IBUF
    BUFGCTRL_X0Y16       BUFG (Prop_bufg_I_O)         0.026     0.920 r  clk_100MHz_IBUF_BUFG_inst/O
                         net (fo=98, routed)          0.602     1.521    db_r/clk_100MHz_IBUF_BUFG
    SLICE_X6Y57          FDRE                                         r  db_r/count_reg[10]/C
  -------------------------------------------------------------------    -------------------
    SLICE_X6Y57          FDRE (Prop_fdre_C_Q)         0.164     1.685 r  db_r/count_reg[10]/Q
                         net (fo=2, routed)           0.127     1.812    db_r/count_reg[10]
    SLICE_X6Y57          CARRY4 (Prop_carry4_S[2]_O[2])
                                                      0.110     1.922 r  db_r/count_reg[8]_i_1__0/O[2]
                         net (fo=1, routed)           0.000     1.922    db_r/count_reg[8]_i_1__0_n_5
    SLICE_X6Y57          FDRE                                         r  db_r/count_reg[10]/D
  -------------------------------------------------------------------    -------------------

                         (clock sys_clk_pin rise edge)
                                                      0.000     0.000 r  
    E3                                                0.000     0.000 r  clk_100MHz (IN)
                         net (fo=0)                   0.000     0.000    clk_100MHz
    E3                   IBUF (Prop_ibuf_I_O)         0.438     0.438 r  clk_100MHz_IBUF_inst/O
                         net (fo=1, routed)           0.699     1.136    clk_100MHz_IBUF
    BUFGCTRL_X0Y16       BUFG (Prop_bufg_I_O)         0.029     1.165 r  clk_100MHz_IBUF_BUFG_inst/O
                         net (fo=98, routed)          0.873     2.038    db_r/clk_100MHz_IBUF_BUFG
    SLICE_X6Y57          FDRE                                         r  db_r/count_reg[10]/C
                         clock pessimism             -0.516     1.521    
    SLICE_X6Y57          FDRE (Hold_fdre_C_D)         0.134     1.655    db_r/count_reg[10]
  -------------------------------------------------------------------
                         required time                         -1.655    
                         arrival time                           1.922    
  -------------------------------------------------------------------
                         slack                                  0.267    

Slack (MET) :             0.267ns  (arrival time - required time)
  Source:                 db_r/count_reg[18]/C
                            (rising edge-triggered cell FDRE clocked by sys_clk_pin  {rise@0.000ns fall@5.000ns period=10.000ns})
  Destination:            db_r/count_reg[18]/D
                            (rising edge-triggered cell FDRE clocked by sys_clk_pin  {rise@0.000ns fall@5.000ns period=10.000ns})
  Path Group:             sys_clk_pin
  Path Type:              Hold (Min at Fast Process Corner)
  Requirement:            0.000ns  (sys_clk_pin rise@0.000ns - sys_clk_pin rise@0.000ns)
  Data Path Delay:        0.401ns  (logic 0.274ns (68.412%)  route 0.127ns (31.588%))
  Logic Levels:           1  (CARRY4=1)
  Clock Path Skew:        0.000ns (DCD - SCD - CPR)
    Destination Clock Delay (DCD):    2.038ns
    Source Clock Delay      (SCD):    1.521ns
    Clock Pessimism Removal (CPR):    0.516ns

    Location             Delay type                Incr(ns)  Path(ns)    Netlist Resource(s)
  -------------------------------------------------------------------    -------------------
                         (clock sys_clk_pin rise edge)
                                                      0.000     0.000 r  
    E3                                                0.000     0.000 r  clk_100MHz (IN)
                         net (fo=0)                   0.000     0.000    clk_100MHz
    E3                   IBUF (Prop_ibuf_I_O)         0.250     0.250 r  clk_100MHz_IBUF_inst/O
                         net (fo=1, routed)           0.644     0.894    clk_100MHz_IBUF
    BUFGCTRL_X0Y16       BUFG (Prop_bufg_I_O)         0.026     0.920 r  clk_100MHz_IBUF_BUFG_inst/O
                         net (fo=98, routed)          0.602     1.521    db_r/clk_100MHz_IBUF_BUFG
    SLICE_X6Y59          FDRE                                         r  db_r/count_reg[18]/C
  -------------------------------------------------------------------    -------------------
    SLICE_X6Y59          FDRE (Prop_fdre_C_Q)         0.164     1.685 r  db_r/count_reg[18]/Q
                         net (fo=2, routed)           0.127     1.812    db_r/count_reg[18]
    SLICE_X6Y59          CARRY4 (Prop_carry4_S[2]_O[2])
                                                      0.110     1.922 r  db_r/count_reg[16]_i_1__0/O[2]
                         net (fo=1, routed)           0.000     1.922    db_r/count_reg[16]_i_1__0_n_5
    SLICE_X6Y59          FDRE                                         r  db_r/count_reg[18]/D
  -------------------------------------------------------------------    -------------------

                         (clock sys_clk_pin rise edge)
                                                      0.000     0.000 r  
    E3                                                0.000     0.000 r  clk_100MHz (IN)
                         net (fo=0)                   0.000     0.000    clk_100MHz
    E3                   IBUF (Prop_ibuf_I_O)         0.438     0.438 r  clk_100MHz_IBUF_inst/O
                         net (fo=1, routed)           0.699     1.136    clk_100MHz_IBUF
    BUFGCTRL_X0Y16       BUFG (Prop_bufg_I_O)         0.029     1.165 r  clk_100MHz_IBUF_BUFG_inst/O
                         net (fo=98, routed)          0.873     2.038    db_r/clk_100MHz_IBUF_BUFG
    SLICE_X6Y59          FDRE                                         r  db_r/count_reg[18]/C
                         clock pessimism             -0.516     1.521    
    SLICE_X6Y59          FDRE (Hold_fdre_C_D)         0.134     1.655    db_r/count_reg[18]
  -------------------------------------------------------------------
                         required time                         -1.655    
                         arrival time                           1.922    
  -------------------------------------------------------------------
                         slack                                  0.267    





Pulse Width Checks
--------------------------------------------------------------------------------------
Clock Name:         sys_clk_pin
Waveform(ns):       { 0.000 5.000 }
Period(ns):         10.000
Sources:            { clk_100MHz }

Check Type        Corner  Lib Pin  Reference Pin  Required(ns)  Actual(ns)  Slack(ns)  Location        Pin
Min Period        n/a     BUFG/I   n/a            2.155         10.000      7.845      BUFGCTRL_X0Y16  clk_100MHz_IBUF_BUFG_inst/I
Min Period        n/a     FDRE/C   n/a            1.000         10.000      9.000      SLICE_X3Y59     db_e/btn_level_reg/C
Min Period        n/a     FDRE/C   n/a            1.000         10.000      9.000      SLICE_X3Y59     db_e/btn_pulse_reg/C
Min Period        n/a     FDRE/C   n/a            1.000         10.000      9.000      SLICE_X3Y59     db_e/btn_stable_reg/C
Min Period        n/a     FDRE/C   n/a            1.000         10.000      9.000      SLICE_X1Y63     db_e/btn_sync_0_reg/C
Min Period        n/a     FDRE/C   n/a            1.000         10.000      9.000      SLICE_X2Y59     db_e/btn_sync_1_reg/C
Min Period        n/a     FDRE/C   n/a            1.000         10.000      9.000      SLICE_X4Y57     db_e/count_reg[0]/C
Min Period        n/a     FDRE/C   n/a            1.000         10.000      9.000      SLICE_X4Y59     db_e/count_reg[10]/C
Min Period        n/a     FDRE/C   n/a            1.000         10.000      9.000      SLICE_X4Y59     db_e/count_reg[11]/C
Min Period        n/a     FDRE/C   n/a            1.000         10.000      9.000      SLICE_X4Y60     db_e/count_reg[12]/C
Low Pulse Width   Slow    FDRE/C   n/a            0.500         5.000       4.500      SLICE_X3Y59     db_e/btn_level_reg/C
Low Pulse Width   Fast    FDRE/C   n/a            0.500         5.000       4.500      SLICE_X3Y59     db_e/btn_level_reg/C
Low Pulse Width   Slow    FDRE/C   n/a            0.500         5.000       4.500      SLICE_X3Y59     db_e/btn_pulse_reg/C
Low Pulse Width   Fast    FDRE/C   n/a            0.500         5.000       4.500      SLICE_X3Y59     db_e/btn_pulse_reg/C
Low Pulse Width   Slow    FDRE/C   n/a            0.500         5.000       4.500      SLICE_X3Y59     db_e/btn_stable_reg/C
Low Pulse Width   Fast    FDRE/C   n/a            0.500         5.000       4.500      SLICE_X3Y59     db_e/btn_stable_reg/C
Low Pulse Width   Slow    FDRE/C   n/a            0.500         5.000       4.500      SLICE_X1Y63     db_e/btn_sync_0_reg/C
Low Pulse Width   Fast    FDRE/C   n/a            0.500         5.000       4.500      SLICE_X1Y63     db_e/btn_sync_0_reg/C
Low Pulse Width   Slow    FDRE/C   n/a            0.500         5.000       4.500      SLICE_X2Y59     db_e/btn_sync_1_reg/C
Low Pulse Width   Fast    FDRE/C   n/a            0.500         5.000       4.500      SLICE_X2Y59     db_e/btn_sync_1_reg/C
High Pulse Width  Slow    FDRE/C   n/a            0.500         5.000       4.500      SLICE_X3Y59     db_e/btn_level_reg/C
High Pulse Width  Fast    FDRE/C   n/a            0.500         5.000       4.500      SLICE_X3Y59     db_e/btn_level_reg/C
High Pulse Width  Slow    FDRE/C   n/a            0.500         5.000       4.500      SLICE_X3Y59     db_e/btn_pulse_reg/C
High Pulse Width  Fast    FDRE/C   n/a            0.500         5.000       4.500      SLICE_X3Y59     db_e/btn_pulse_reg/C
High Pulse Width  Slow    FDRE/C   n/a            0.500         5.000       4.500      SLICE_X3Y59     db_e/btn_stable_reg/C
High Pulse Width  Fast    FDRE/C   n/a            0.500         5.000       4.500      SLICE_X3Y59     db_e/btn_stable_reg/C
High Pulse Width  Slow    FDRE/C   n/a            0.500         5.000       4.500      SLICE_X1Y63     db_e/btn_sync_0_reg/C
High Pulse Width  Fast    FDRE/C   n/a            0.500         5.000       4.500      SLICE_X1Y63     db_e/btn_sync_0_reg/C
High Pulse Width  Slow    FDRE/C   n/a            0.500         5.000       4.500      SLICE_X2Y59     db_e/btn_sync_1_reg/C
High Pulse Width  Fast    FDRE/C   n/a            0.500         5.000       4.500      SLICE_X2Y59     db_e/btn_sync_1_reg/C



---------------------------------------------------------------------------------------------------
Path Group:  **async_default**
From Clock:  sys_clk_pin
  To Clock:  sys_clk_pin

Setup :            0  Failing Endpoints,  Worst Slack        7.665ns,  Total Violation        0.000ns
Hold  :            0  Failing Endpoints,  Worst Slack        0.403ns,  Total Violation        0.000ns
---------------------------------------------------------------------------------------------------


Max Delay Paths
--------------------------------------------------------------------------------------
Slack (MET) :             7.665ns  (required time - arrival time)
  Source:                 db_r/btn_level_reg/C
                            (rising edge-triggered cell FDRE clocked by sys_clk_pin  {rise@0.000ns fall@5.000ns period=10.000ns})
  Destination:            tmr/count_reg[0]/CLR
                            (recovery check against rising-edge clock sys_clk_pin  {rise@0.000ns fall@5.000ns period=10.000ns})
  Path Group:             **async_default**
  Path Type:              Recovery (Max at Slow Process Corner)
  Requirement:            10.000ns  (sys_clk_pin rise@10.000ns - sys_clk_pin rise@0.000ns)
  Data Path Delay:        1.870ns  (logic 0.456ns (24.380%)  route 1.414ns (75.620%))
  Logic Levels:           0  
  Clock Path Skew:        -0.024ns (DCD - SCD + CPR)
    Destination Clock Delay (DCD):    5.028ns = ( 15.028 - 10.000 ) 
    Source Clock Delay      (SCD):    5.327ns
    Clock Pessimism Removal (CPR):    0.275ns
  Clock Uncertainty:      0.035ns  ((TSJ^2 + TIJ^2)^1/2 + DJ) / 2 + PE
    Total System Jitter     (TSJ):    0.071ns
    Total Input Jitter      (TIJ):    0.000ns
    Discrete Jitter          (DJ):    0.000ns
    Phase Error              (PE):    0.000ns

    Location             Delay type                Incr(ns)  Path(ns)    Netlist Resource(s)
  -------------------------------------------------------------------    -------------------
                         (clock sys_clk_pin rise edge)
                                                      0.000     0.000 r  
    E3                                                0.000     0.000 r  clk_100MHz (IN)
                         net (fo=0)                   0.000     0.000    clk_100MHz
    E3                   IBUF (Prop_ibuf_I_O)         1.482     1.482 r  clk_100MHz_IBUF_inst/O
                         net (fo=1, routed)           2.025     3.506    clk_100MHz_IBUF
    BUFGCTRL_X0Y16       BUFG (Prop_bufg_I_O)         0.096     3.602 r  clk_100MHz_IBUF_BUFG_inst/O
                         net (fo=98, routed)          1.724     5.327    db_r/clk_100MHz_IBUF_BUFG
    SLICE_X3Y57          FDRE                                         r  db_r/btn_level_reg/C
  -------------------------------------------------------------------    -------------------
    SLICE_X3Y57          FDRE (Prop_fdre_C_Q)         0.456     5.783 f  db_r/btn_level_reg/Q
                         net (fo=32, routed)          1.414     7.197    tmr/rst_l
    SLICE_X1Y55          FDCE                                         f  tmr/count_reg[0]/CLR
  -------------------------------------------------------------------    -------------------

                         (clock sys_clk_pin rise edge)
                                                     10.000    10.000 r  
    E3                                                0.000    10.000 r  clk_100MHz (IN)
                         net (fo=0)                   0.000    10.000    clk_100MHz
    E3                   IBUF (Prop_ibuf_I_O)         1.411    11.411 r  clk_100MHz_IBUF_inst/O
                         net (fo=1, routed)           1.920    13.331    clk_100MHz_IBUF
    BUFGCTRL_X0Y16       BUFG (Prop_bufg_I_O)         0.091    13.422 r  clk_100MHz_IBUF_BUFG_inst/O
                         net (fo=98, routed)          1.605    15.028    tmr/clk_100MHz_IBUF_BUFG
    SLICE_X1Y55          FDCE                                         r  tmr/count_reg[0]/C
                         clock pessimism              0.275    15.303    
                         clock uncertainty           -0.035    15.267    
    SLICE_X1Y55          FDCE (Recov_fdce_C_CLR)     -0.405    14.862    tmr/count_reg[0]
  -------------------------------------------------------------------
                         required time                         14.862    
                         arrival time                          -7.197    
  -------------------------------------------------------------------
                         slack                                  7.665    

Slack (MET) :             7.665ns  (required time - arrival time)
  Source:                 db_r/btn_level_reg/C
                            (rising edge-triggered cell FDRE clocked by sys_clk_pin  {rise@0.000ns fall@5.000ns period=10.000ns})
  Destination:            tmr/count_reg[1]/CLR
                            (recovery check against rising-edge clock sys_clk_pin  {rise@0.000ns fall@5.000ns period=10.000ns})
  Path Group:             **async_default**
  Path Type:              Recovery (Max at Slow Process Corner)
  Requirement:            10.000ns  (sys_clk_pin rise@10.000ns - sys_clk_pin rise@0.000ns)
  Data Path Delay:        1.870ns  (logic 0.456ns (24.380%)  route 1.414ns (75.620%))
  Logic Levels:           0  
  Clock Path Skew:        -0.024ns (DCD - SCD + CPR)
    Destination Clock Delay (DCD):    5.028ns = ( 15.028 - 10.000 ) 
    Source Clock Delay      (SCD):    5.327ns
    Clock Pessimism Removal (CPR):    0.275ns
  Clock Uncertainty:      0.035ns  ((TSJ^2 + TIJ^2)^1/2 + DJ) / 2 + PE
    Total System Jitter     (TSJ):    0.071ns
    Total Input Jitter      (TIJ):    0.000ns
    Discrete Jitter          (DJ):    0.000ns
    Phase Error              (PE):    0.000ns

    Location             Delay type                Incr(ns)  Path(ns)    Netlist Resource(s)
  -------------------------------------------------------------------    -------------------
                         (clock sys_clk_pin rise edge)
                                                      0.000     0.000 r  
    E3                                                0.000     0.000 r  clk_100MHz (IN)
                         net (fo=0)                   0.000     0.000    clk_100MHz
    E3                   IBUF (Prop_ibuf_I_O)         1.482     1.482 r  clk_100MHz_IBUF_inst/O
                         net (fo=1, routed)           2.025     3.506    clk_100MHz_IBUF
    BUFGCTRL_X0Y16       BUFG (Prop_bufg_I_O)         0.096     3.602 r  clk_100MHz_IBUF_BUFG_inst/O
                         net (fo=98, routed)          1.724     5.327    db_r/clk_100MHz_IBUF_BUFG
    SLICE_X3Y57          FDRE                                         r  db_r/btn_level_reg/C
  -------------------------------------------------------------------    -------------------
    SLICE_X3Y57          FDRE (Prop_fdre_C_Q)         0.456     5.783 f  db_r/btn_level_reg/Q
                         net (fo=32, routed)          1.414     7.197    tmr/rst_l
    SLICE_X1Y55          FDCE                                         f  tmr/count_reg[1]/CLR
  -------------------------------------------------------------------    -------------------

                         (clock sys_clk_pin rise edge)
                                                     10.000    10.000 r  
    E3                                                0.000    10.000 r  clk_100MHz (IN)
                         net (fo=0)                   0.000    10.000    clk_100MHz
    E3                   IBUF (Prop_ibuf_I_O)         1.411    11.411 r  clk_100MHz_IBUF_inst/O
                         net (fo=1, routed)           1.920    13.331    clk_100MHz_IBUF
    BUFGCTRL_X0Y16       BUFG (Prop_bufg_I_O)         0.091    13.422 r  clk_100MHz_IBUF_BUFG_inst/O
                         net (fo=98, routed)          1.605    15.028    tmr/clk_100MHz_IBUF_BUFG
    SLICE_X1Y55          FDCE                                         r  tmr/count_reg[1]/C
                         clock pessimism              0.275    15.303    
                         clock uncertainty           -0.035    15.267    
    SLICE_X1Y55          FDCE (Recov_fdce_C_CLR)     -0.405    14.862    tmr/count_reg[1]
  -------------------------------------------------------------------
                         required time                         14.862    
                         arrival time                          -7.197    
  -------------------------------------------------------------------
                         slack                                  7.665    

Slack (MET) :             7.665ns  (required time - arrival time)
  Source:                 db_r/btn_level_reg/C
                            (rising edge-triggered cell FDRE clocked by sys_clk_pin  {rise@0.000ns fall@5.000ns period=10.000ns})
  Destination:            tmr/count_reg[2]/CLR
                            (recovery check against rising-edge clock sys_clk_pin  {rise@0.000ns fall@5.000ns period=10.000ns})
  Path Group:             **async_default**
  Path Type:              Recovery (Max at Slow Process Corner)
  Requirement:            10.000ns  (sys_clk_pin rise@10.000ns - sys_clk_pin rise@0.000ns)
  Data Path Delay:        1.870ns  (logic 0.456ns (24.380%)  route 1.414ns (75.620%))
  Logic Levels:           0  
  Clock Path Skew:        -0.024ns (DCD - SCD + CPR)
    Destination Clock Delay (DCD):    5.028ns = ( 15.028 - 10.000 ) 
    Source Clock Delay      (SCD):    5.327ns
    Clock Pessimism Removal (CPR):    0.275ns
  Clock Uncertainty:      0.035ns  ((TSJ^2 + TIJ^2)^1/2 + DJ) / 2 + PE
    Total System Jitter     (TSJ):    0.071ns
    Total Input Jitter      (TIJ):    0.000ns
    Discrete Jitter          (DJ):    0.000ns
    Phase Error              (PE):    0.000ns

    Location             Delay type                Incr(ns)  Path(ns)    Netlist Resource(s)
  -------------------------------------------------------------------    -------------------
                         (clock sys_clk_pin rise edge)
                                                      0.000     0.000 r  
    E3                                                0.000     0.000 r  clk_100MHz (IN)
                         net (fo=0)                   0.000     0.000    clk_100MHz
    E3                   IBUF (Prop_ibuf_I_O)         1.482     1.482 r  clk_100MHz_IBUF_inst/O
                         net (fo=1, routed)           2.025     3.506    clk_100MHz_IBUF
    BUFGCTRL_X0Y16       BUFG (Prop_bufg_I_O)         0.096     3.602 r  clk_100MHz_IBUF_BUFG_inst/O
                         net (fo=98, routed)          1.724     5.327    db_r/clk_100MHz_IBUF_BUFG
    SLICE_X3Y57          FDRE                                         r  db_r/btn_level_reg/C
  -------------------------------------------------------------------    -------------------
    SLICE_X3Y57          FDRE (Prop_fdre_C_Q)         0.456     5.783 f  db_r/btn_level_reg/Q
                         net (fo=32, routed)          1.414     7.197    tmr/rst_l
    SLICE_X1Y55          FDCE                                         f  tmr/count_reg[2]/CLR
  -------------------------------------------------------------------    -------------------

                         (clock sys_clk_pin rise edge)
                                                     10.000    10.000 r  
    E3                                                0.000    10.000 r  clk_100MHz (IN)
                         net (fo=0)                   0.000    10.000    clk_100MHz
    E3                   IBUF (Prop_ibuf_I_O)         1.411    11.411 r  clk_100MHz_IBUF_inst/O
                         net (fo=1, routed)           1.920    13.331    clk_100MHz_IBUF
    BUFGCTRL_X0Y16       BUFG (Prop_bufg_I_O)         0.091    13.422 r  clk_100MHz_IBUF_BUFG_inst/O
                         net (fo=98, routed)          1.605    15.028    tmr/clk_100MHz_IBUF_BUFG
    SLICE_X1Y55          FDCE                                         r  tmr/count_reg[2]/C
                         clock pessimism              0.275    15.303    
                         clock uncertainty           -0.035    15.267    
    SLICE_X1Y55          FDCE (Recov_fdce_C_CLR)     -0.405    14.862    tmr/count_reg[2]
  -------------------------------------------------------------------
                         required time                         14.862    
                         arrival time                          -7.197    
  -------------------------------------------------------------------
                         slack                                  7.665    

Slack (MET) :             7.665ns  (required time - arrival time)
  Source:                 db_r/btn_level_reg/C
                            (rising edge-triggered cell FDRE clocked by sys_clk_pin  {rise@0.000ns fall@5.000ns period=10.000ns})
  Destination:            tmr/count_reg[3]/CLR
                            (recovery check against rising-edge clock sys_clk_pin  {rise@0.000ns fall@5.000ns period=10.000ns})
  Path Group:             **async_default**
  Path Type:              Recovery (Max at Slow Process Corner)
  Requirement:            10.000ns  (sys_clk_pin rise@10.000ns - sys_clk_pin rise@0.000ns)
  Data Path Delay:        1.870ns  (logic 0.456ns (24.380%)  route 1.414ns (75.620%))
  Logic Levels:           0  
  Clock Path Skew:        -0.024ns (DCD - SCD + CPR)
    Destination Clock Delay (DCD):    5.028ns = ( 15.028 - 10.000 ) 
    Source Clock Delay      (SCD):    5.327ns
    Clock Pessimism Removal (CPR):    0.275ns
  Clock Uncertainty:      0.035ns  ((TSJ^2 + TIJ^2)^1/2 + DJ) / 2 + PE
    Total System Jitter     (TSJ):    0.071ns
    Total Input Jitter      (TIJ):    0.000ns
    Discrete Jitter          (DJ):    0.000ns
    Phase Error              (PE):    0.000ns

    Location             Delay type                Incr(ns)  Path(ns)    Netlist Resource(s)
  -------------------------------------------------------------------    -------------------
                         (clock sys_clk_pin rise edge)
                                                      0.000     0.000 r  
    E3                                                0.000     0.000 r  clk_100MHz (IN)
                         net (fo=0)                   0.000     0.000    clk_100MHz
    E3                   IBUF (Prop_ibuf_I_O)         1.482     1.482 r  clk_100MHz_IBUF_inst/O
                         net (fo=1, routed)           2.025     3.506    clk_100MHz_IBUF
    BUFGCTRL_X0Y16       BUFG (Prop_bufg_I_O)         0.096     3.602 r  clk_100MHz_IBUF_BUFG_inst/O
                         net (fo=98, routed)          1.724     5.327    db_r/clk_100MHz_IBUF_BUFG
    SLICE_X3Y57          FDRE                                         r  db_r/btn_level_reg/C
  -------------------------------------------------------------------    -------------------
    SLICE_X3Y57          FDRE (Prop_fdre_C_Q)         0.456     5.783 f  db_r/btn_level_reg/Q
                         net (fo=32, routed)          1.414     7.197    tmr/rst_l
    SLICE_X1Y55          FDCE                                         f  tmr/count_reg[3]/CLR
  -------------------------------------------------------------------    -------------------

                         (clock sys_clk_pin rise edge)
                                                     10.000    10.000 r  
    E3                                                0.000    10.000 r  clk_100MHz (IN)
                         net (fo=0)                   0.000    10.000    clk_100MHz
    E3                   IBUF (Prop_ibuf_I_O)         1.411    11.411 r  clk_100MHz_IBUF_inst/O
                         net (fo=1, routed)           1.920    13.331    clk_100MHz_IBUF
    BUFGCTRL_X0Y16       BUFG (Prop_bufg_I_O)         0.091    13.422 r  clk_100MHz_IBUF_BUFG_inst/O
                         net (fo=98, routed)          1.605    15.028    tmr/clk_100MHz_IBUF_BUFG
    SLICE_X1Y55          FDCE                                         r  tmr/count_reg[3]/C
                         clock pessimism              0.275    15.303    
                         clock uncertainty           -0.035    15.267    
    SLICE_X1Y55          FDCE (Recov_fdce_C_CLR)     -0.405    14.862    tmr/count_reg[3]
  -------------------------------------------------------------------
                         required time                         14.862    
                         arrival time                          -7.197    
  -------------------------------------------------------------------
                         slack                                  7.665    

Slack (MET) :             7.806ns  (required time - arrival time)
  Source:                 db_r/btn_level_reg/C
                            (rising edge-triggered cell FDRE clocked by sys_clk_pin  {rise@0.000ns fall@5.000ns period=10.000ns})
  Destination:            tmr/count_reg[4]/CLR
                            (recovery check against rising-edge clock sys_clk_pin  {rise@0.000ns fall@5.000ns period=10.000ns})
  Path Group:             **async_default**
  Path Type:              Recovery (Max at Slow Process Corner)
  Requirement:            10.000ns  (sys_clk_pin rise@10.000ns - sys_clk_pin rise@0.000ns)
  Data Path Delay:        1.729ns  (logic 0.456ns (26.366%)  route 1.273ns (73.634%))
  Logic Levels:           0  
  Clock Path Skew:        -0.024ns (DCD - SCD + CPR)
    Destination Clock Delay (DCD):    5.028ns = ( 15.028 - 10.000 ) 
    Source Clock Delay      (SCD):    5.327ns
    Clock Pessimism Removal (CPR):    0.275ns
  Clock Uncertainty:      0.035ns  ((TSJ^2 + TIJ^2)^1/2 + DJ) / 2 + PE
    Total System Jitter     (TSJ):    0.071ns
    Total Input Jitter      (TIJ):    0.000ns
    Discrete Jitter          (DJ):    0.000ns
    Phase Error              (PE):    0.000ns

    Location             Delay type                Incr(ns)  Path(ns)    Netlist Resource(s)
  -------------------------------------------------------------------    -------------------
                         (clock sys_clk_pin rise edge)
                                                      0.000     0.000 r  
    E3                                                0.000     0.000 r  clk_100MHz (IN)
                         net (fo=0)                   0.000     0.000    clk_100MHz
    E3                   IBUF (Prop_ibuf_I_O)         1.482     1.482 r  clk_100MHz_IBUF_inst/O
                         net (fo=1, routed)           2.025     3.506    clk_100MHz_IBUF
    BUFGCTRL_X0Y16       BUFG (Prop_bufg_I_O)         0.096     3.602 r  clk_100MHz_IBUF_BUFG_inst/O
                         net (fo=98, routed)          1.724     5.327    db_r/clk_100MHz_IBUF_BUFG
    SLICE_X3Y57          FDRE                                         r  db_r/btn_level_reg/C
  -------------------------------------------------------------------    -------------------
    SLICE_X3Y57          FDRE (Prop_fdre_C_Q)         0.456     5.783 f  db_r/btn_level_reg/Q
                         net (fo=32, routed)          1.273     7.056    tmr/rst_l
    SLICE_X1Y56          FDCE                                         f  tmr/count_reg[4]/CLR
  -------------------------------------------------------------------    -------------------

                         (clock sys_clk_pin rise edge)
                                                     10.000    10.000 r  
    E3                                                0.000    10.000 r  clk_100MHz (IN)
                         net (fo=0)                   0.000    10.000    clk_100MHz
    E3                   IBUF (Prop_ibuf_I_O)         1.411    11.411 r  clk_100MHz_IBUF_inst/O
                         net (fo=1, routed)           1.920    13.331    clk_100MHz_IBUF
    BUFGCTRL_X0Y16       BUFG (Prop_bufg_I_O)         0.091    13.422 r  clk_100MHz_IBUF_BUFG_inst/O
                         net (fo=98, routed)          1.605    15.028    tmr/clk_100MHz_IBUF_BUFG
    SLICE_X1Y56          FDCE                                         r  tmr/count_reg[4]/C
                         clock pessimism              0.275    15.303    
                         clock uncertainty           -0.035    15.267    
    SLICE_X1Y56          FDCE (Recov_fdce_C_CLR)     -0.405    14.862    tmr/count_reg[4]
  -------------------------------------------------------------------
                         required time                         14.862    
                         arrival time                          -7.056    
  -------------------------------------------------------------------
                         slack                                  7.806    

Slack (MET) :             7.806ns  (required time - arrival time)
  Source:                 db_r/btn_level_reg/C
                            (rising edge-triggered cell FDRE clocked by sys_clk_pin  {rise@0.000ns fall@5.000ns period=10.000ns})
  Destination:            tmr/count_reg[5]/CLR
                            (recovery check against rising-edge clock sys_clk_pin  {rise@0.000ns fall@5.000ns period=10.000ns})
  Path Group:             **async_default**
  Path Type:              Recovery (Max at Slow Process Corner)
  Requirement:            10.000ns  (sys_clk_pin rise@10.000ns - sys_clk_pin rise@0.000ns)
  Data Path Delay:        1.729ns  (logic 0.456ns (26.366%)  route 1.273ns (73.634%))
  Logic Levels:           0  
  Clock Path Skew:        -0.024ns (DCD - SCD + CPR)
    Destination Clock Delay (DCD):    5.028ns = ( 15.028 - 10.000 ) 
    Source Clock Delay      (SCD):    5.327ns
    Clock Pessimism Removal (CPR):    0.275ns
  Clock Uncertainty:      0.035ns  ((TSJ^2 + TIJ^2)^1/2 + DJ) / 2 + PE
    Total System Jitter     (TSJ):    0.071ns
    Total Input Jitter      (TIJ):    0.000ns
    Discrete Jitter          (DJ):    0.000ns
    Phase Error              (PE):    0.000ns

    Location             Delay type                Incr(ns)  Path(ns)    Netlist Resource(s)
  -------------------------------------------------------------------    -------------------
                         (clock sys_clk_pin rise edge)
                                                      0.000     0.000 r  
    E3                                                0.000     0.000 r  clk_100MHz (IN)
                         net (fo=0)                   0.000     0.000    clk_100MHz
    E3                   IBUF (Prop_ibuf_I_O)         1.482     1.482 r  clk_100MHz_IBUF_inst/O
                         net (fo=1, routed)           2.025     3.506    clk_100MHz_IBUF
    BUFGCTRL_X0Y16       BUFG (Prop_bufg_I_O)         0.096     3.602 r  clk_100MHz_IBUF_BUFG_inst/O
                         net (fo=98, routed)          1.724     5.327    db_r/clk_100MHz_IBUF_BUFG
    SLICE_X3Y57          FDRE                                         r  db_r/btn_level_reg/C
  -------------------------------------------------------------------    -------------------
    SLICE_X3Y57          FDRE (Prop_fdre_C_Q)         0.456     5.783 f  db_r/btn_level_reg/Q
                         net (fo=32, routed)          1.273     7.056    tmr/rst_l
    SLICE_X1Y56          FDCE                                         f  tmr/count_reg[5]/CLR
  -------------------------------------------------------------------    -------------------

                         (clock sys_clk_pin rise edge)
                                                     10.000    10.000 r  
    E3                                                0.000    10.000 r  clk_100MHz (IN)
                         net (fo=0)                   0.000    10.000    clk_100MHz
    E3                   IBUF (Prop_ibuf_I_O)         1.411    11.411 r  clk_100MHz_IBUF_inst/O
                         net (fo=1, routed)           1.920    13.331    clk_100MHz_IBUF
    BUFGCTRL_X0Y16       BUFG (Prop_bufg_I_O)         0.091    13.422 r  clk_100MHz_IBUF_BUFG_inst/O
                         net (fo=98, routed)          1.605    15.028    tmr/clk_100MHz_IBUF_BUFG
    SLICE_X1Y56          FDCE                                         r  tmr/count_reg[5]/C
                         clock pessimism              0.275    15.303    
                         clock uncertainty           -0.035    15.267    
    SLICE_X1Y56          FDCE (Recov_fdce_C_CLR)     -0.405    14.862    tmr/count_reg[5]
  -------------------------------------------------------------------
                         required time                         14.862    
                         arrival time                          -7.056    
  -------------------------------------------------------------------
                         slack                                  7.806    

Slack (MET) :             7.806ns  (required time - arrival time)
  Source:                 db_r/btn_level_reg/C
                            (rising edge-triggered cell FDRE clocked by sys_clk_pin  {rise@0.000ns fall@5.000ns period=10.000ns})
  Destination:            tmr/count_reg[6]/CLR
                            (recovery check against rising-edge clock sys_clk_pin  {rise@0.000ns fall@5.000ns period=10.000ns})
  Path Group:             **async_default**
  Path Type:              Recovery (Max at Slow Process Corner)
  Requirement:            10.000ns  (sys_clk_pin rise@10.000ns - sys_clk_pin rise@0.000ns)
  Data Path Delay:        1.729ns  (logic 0.456ns (26.366%)  route 1.273ns (73.634%))
  Logic Levels:           0  
  Clock Path Skew:        -0.024ns (DCD - SCD + CPR)
    Destination Clock Delay (DCD):    5.028ns = ( 15.028 - 10.000 ) 
    Source Clock Delay      (SCD):    5.327ns
    Clock Pessimism Removal (CPR):    0.275ns
  Clock Uncertainty:      0.035ns  ((TSJ^2 + TIJ^2)^1/2 + DJ) / 2 + PE
    Total System Jitter     (TSJ):    0.071ns
    Total Input Jitter      (TIJ):    0.000ns
    Discrete Jitter          (DJ):    0.000ns
    Phase Error              (PE):    0.000ns

    Location             Delay type                Incr(ns)  Path(ns)    Netlist Resource(s)
  -------------------------------------------------------------------    -------------------
                         (clock sys_clk_pin rise edge)
                                                      0.000     0.000 r  
    E3                                                0.000     0.000 r  clk_100MHz (IN)
                         net (fo=0)                   0.000     0.000    clk_100MHz
    E3                   IBUF (Prop_ibuf_I_O)         1.482     1.482 r  clk_100MHz_IBUF_inst/O
                         net (fo=1, routed)           2.025     3.506    clk_100MHz_IBUF
    BUFGCTRL_X0Y16       BUFG (Prop_bufg_I_O)         0.096     3.602 r  clk_100MHz_IBUF_BUFG_inst/O
                         net (fo=98, routed)          1.724     5.327    db_r/clk_100MHz_IBUF_BUFG
    SLICE_X3Y57          FDRE                                         r  db_r/btn_level_reg/C
  -------------------------------------------------------------------    -------------------
    SLICE_X3Y57          FDRE (Prop_fdre_C_Q)         0.456     5.783 f  db_r/btn_level_reg/Q
                         net (fo=32, routed)          1.273     7.056    tmr/rst_l
    SLICE_X1Y56          FDCE                                         f  tmr/count_reg[6]/CLR
  -------------------------------------------------------------------    -------------------

                         (clock sys_clk_pin rise edge)
                                                     10.000    10.000 r  
    E3                                                0.000    10.000 r  clk_100MHz (IN)
                         net (fo=0)                   0.000    10.000    clk_100MHz
    E3                   IBUF (Prop_ibuf_I_O)         1.411    11.411 r  clk_100MHz_IBUF_inst/O
                         net (fo=1, routed)           1.920    13.331    clk_100MHz_IBUF
    BUFGCTRL_X0Y16       BUFG (Prop_bufg_I_O)         0.091    13.422 r  clk_100MHz_IBUF_BUFG_inst/O
                         net (fo=98, routed)          1.605    15.028    tmr/clk_100MHz_IBUF_BUFG
    SLICE_X1Y56          FDCE                                         r  tmr/count_reg[6]/C
                         clock pessimism              0.275    15.303    
                         clock uncertainty           -0.035    15.267    
    SLICE_X1Y56          FDCE (Recov_fdce_C_CLR)     -0.405    14.862    tmr/count_reg[6]
  -------------------------------------------------------------------
                         required time                         14.862    
                         arrival time                          -7.056    
  -------------------------------------------------------------------
                         slack                                  7.806    

Slack (MET) :             7.806ns  (required time - arrival time)
  Source:                 db_r/btn_level_reg/C
                            (rising edge-triggered cell FDRE clocked by sys_clk_pin  {rise@0.000ns fall@5.000ns period=10.000ns})
  Destination:            tmr/count_reg[7]/CLR
                            (recovery check against rising-edge clock sys_clk_pin  {rise@0.000ns fall@5.000ns period=10.000ns})
  Path Group:             **async_default**
  Path Type:              Recovery (Max at Slow Process Corner)
  Requirement:            10.000ns  (sys_clk_pin rise@10.000ns - sys_clk_pin rise@0.000ns)
  Data Path Delay:        1.729ns  (logic 0.456ns (26.366%)  route 1.273ns (73.634%))
  Logic Levels:           0  
  Clock Path Skew:        -0.024ns (DCD - SCD + CPR)
    Destination Clock Delay (DCD):    5.028ns = ( 15.028 - 10.000 ) 
    Source Clock Delay      (SCD):    5.327ns
    Clock Pessimism Removal (CPR):    0.275ns
  Clock Uncertainty:      0.035ns  ((TSJ^2 + TIJ^2)^1/2 + DJ) / 2 + PE
    Total System Jitter     (TSJ):    0.071ns
    Total Input Jitter      (TIJ):    0.000ns
    Discrete Jitter          (DJ):    0.000ns
    Phase Error              (PE):    0.000ns

    Location             Delay type                Incr(ns)  Path(ns)    Netlist Resource(s)
  -------------------------------------------------------------------    -------------------
                         (clock sys_clk_pin rise edge)
                                                      0.000     0.000 r  
    E3                                                0.000     0.000 r  clk_100MHz (IN)
                         net (fo=0)                   0.000     0.000    clk_100MHz
    E3                   IBUF (Prop_ibuf_I_O)         1.482     1.482 r  clk_100MHz_IBUF_inst/O
                         net (fo=1, routed)           2.025     3.506    clk_100MHz_IBUF
    BUFGCTRL_X0Y16       BUFG (Prop_bufg_I_O)         0.096     3.602 r  clk_100MHz_IBUF_BUFG_inst/O
                         net (fo=98, routed)          1.724     5.327    db_r/clk_100MHz_IBUF_BUFG
    SLICE_X3Y57          FDRE                                         r  db_r/btn_level_reg/C
  -------------------------------------------------------------------    -------------------
    SLICE_X3Y57          FDRE (Prop_fdre_C_Q)         0.456     5.783 f  db_r/btn_level_reg/Q
                         net (fo=32, routed)          1.273     7.056    tmr/rst_l
    SLICE_X1Y56          FDCE                                         f  tmr/count_reg[7]/CLR
  -------------------------------------------------------------------    -------------------

                         (clock sys_clk_pin rise edge)
                                                     10.000    10.000 r  
    E3                                                0.000    10.000 r  clk_100MHz (IN)
                         net (fo=0)                   0.000    10.000    clk_100MHz
    E3                   IBUF (Prop_ibuf_I_O)         1.411    11.411 r  clk_100MHz_IBUF_inst/O
                         net (fo=1, routed)           1.920    13.331    clk_100MHz_IBUF
    BUFGCTRL_X0Y16       BUFG (Prop_bufg_I_O)         0.091    13.422 r  clk_100MHz_IBUF_BUFG_inst/O
                         net (fo=98, routed)          1.605    15.028    tmr/clk_100MHz_IBUF_BUFG
    SLICE_X1Y56          FDCE                                         r  tmr/count_reg[7]/C
                         clock pessimism              0.275    15.303    
                         clock uncertainty           -0.035    15.267    
    SLICE_X1Y56          FDCE (Recov_fdce_C_CLR)     -0.405    14.862    tmr/count_reg[7]
  -------------------------------------------------------------------
                         required time                         14.862    
                         arrival time                          -7.056    
  -------------------------------------------------------------------
                         slack                                  7.806    

Slack (MET) :             7.941ns  (required time - arrival time)
  Source:                 db_r/btn_level_reg/C
                            (rising edge-triggered cell FDRE clocked by sys_clk_pin  {rise@0.000ns fall@5.000ns period=10.000ns})
  Destination:            fsm/FSM_sequential_curr_reg[0]/CLR
                            (recovery check against rising-edge clock sys_clk_pin  {rise@0.000ns fall@5.000ns period=10.000ns})
  Path Group:             **async_default**
  Path Type:              Recovery (Max at Slow Process Corner)
  Requirement:            10.000ns  (sys_clk_pin rise@10.000ns - sys_clk_pin rise@0.000ns)
  Data Path Delay:        1.591ns  (logic 0.456ns (28.668%)  route 1.135ns (71.332%))
  Logic Levels:           0  
  Clock Path Skew:        -0.028ns (DCD - SCD + CPR)
    Destination Clock Delay (DCD):    5.024ns = ( 15.024 - 10.000 ) 
    Source Clock Delay      (SCD):    5.327ns
    Clock Pessimism Removal (CPR):    0.275ns
  Clock Uncertainty:      0.035ns  ((TSJ^2 + TIJ^2)^1/2 + DJ) / 2 + PE
    Total System Jitter     (TSJ):    0.071ns
    Total Input Jitter      (TIJ):    0.000ns
    Discrete Jitter          (DJ):    0.000ns
    Phase Error              (PE):    0.000ns

    Location             Delay type                Incr(ns)  Path(ns)    Netlist Resource(s)
  -------------------------------------------------------------------    -------------------
                         (clock sys_clk_pin rise edge)
                                                      0.000     0.000 r  
    E3                                                0.000     0.000 r  clk_100MHz (IN)
                         net (fo=0)                   0.000     0.000    clk_100MHz
    E3                   IBUF (Prop_ibuf_I_O)         1.482     1.482 r  clk_100MHz_IBUF_inst/O
                         net (fo=1, routed)           2.025     3.506    clk_100MHz_IBUF
    BUFGCTRL_X0Y16       BUFG (Prop_bufg_I_O)         0.096     3.602 r  clk_100MHz_IBUF_BUFG_inst/O
                         net (fo=98, routed)          1.724     5.327    db_r/clk_100MHz_IBUF_BUFG
    SLICE_X3Y57          FDRE                                         r  db_r/btn_level_reg/C
  -------------------------------------------------------------------    -------------------
    SLICE_X3Y57          FDRE (Prop_fdre_C_Q)         0.456     5.783 f  db_r/btn_level_reg/Q
                         net (fo=32, routed)          1.135     6.917    fsm/rst_l
    SLICE_X0Y62          FDCE                                         f  fsm/FSM_sequential_curr_reg[0]/CLR
  -------------------------------------------------------------------    -------------------

                         (clock sys_clk_pin rise edge)
                                                     10.000    10.000 r  
    E3                                                0.000    10.000 r  clk_100MHz (IN)
                         net (fo=0)                   0.000    10.000    clk_100MHz
    E3                   IBUF (Prop_ibuf_I_O)         1.411    11.411 r  clk_100MHz_IBUF_inst/O
                         net (fo=1, routed)           1.920    13.331    clk_100MHz_IBUF
    BUFGCTRL_X0Y16       BUFG (Prop_bufg_I_O)         0.091    13.422 r  clk_100MHz_IBUF_BUFG_inst/O
                         net (fo=98, routed)          1.601    15.024    fsm/clk_100MHz_IBUF_BUFG
    SLICE_X0Y62          FDCE                                         r  fsm/FSM_sequential_curr_reg[0]/C
                         clock pessimism              0.275    15.299    
                         clock uncertainty           -0.035    15.263    
    SLICE_X0Y62          FDCE (Recov_fdce_C_CLR)     -0.405    14.858    fsm/FSM_sequential_curr_reg[0]
  -------------------------------------------------------------------
                         required time                         14.858    
                         arrival time                          -6.917    
  -------------------------------------------------------------------
                         slack                                  7.941    

Slack (MET) :             7.941ns  (required time - arrival time)
  Source:                 db_r/btn_level_reg/C
                            (rising edge-triggered cell FDRE clocked by sys_clk_pin  {rise@0.000ns fall@5.000ns period=10.000ns})
  Destination:            fsm/FSM_sequential_curr_reg[1]/CLR
                            (recovery check against rising-edge clock sys_clk_pin  {rise@0.000ns fall@5.000ns period=10.000ns})
  Path Group:             **async_default**
  Path Type:              Recovery (Max at Slow Process Corner)
  Requirement:            10.000ns  (sys_clk_pin rise@10.000ns - sys_clk_pin rise@0.000ns)
  Data Path Delay:        1.591ns  (logic 0.456ns (28.668%)  route 1.135ns (71.332%))
  Logic Levels:           0  
  Clock Path Skew:        -0.028ns (DCD - SCD + CPR)
    Destination Clock Delay (DCD):    5.024ns = ( 15.024 - 10.000 ) 
    Source Clock Delay      (SCD):    5.327ns
    Clock Pessimism Removal (CPR):    0.275ns
  Clock Uncertainty:      0.035ns  ((TSJ^2 + TIJ^2)^1/2 + DJ) / 2 + PE
    Total System Jitter     (TSJ):    0.071ns
    Total Input Jitter      (TIJ):    0.000ns
    Discrete Jitter          (DJ):    0.000ns
    Phase Error              (PE):    0.000ns

    Location             Delay type                Incr(ns)  Path(ns)    Netlist Resource(s)
  -------------------------------------------------------------------    -------------------
                         (clock sys_clk_pin rise edge)
                                                      0.000     0.000 r  
    E3                                                0.000     0.000 r  clk_100MHz (IN)
                         net (fo=0)                   0.000     0.000    clk_100MHz
    E3                   IBUF (Prop_ibuf_I_O)         1.482     1.482 r  clk_100MHz_IBUF_inst/O
                         net (fo=1, routed)           2.025     3.506    clk_100MHz_IBUF
    BUFGCTRL_X0Y16       BUFG (Prop_bufg_I_O)         0.096     3.602 r  clk_100MHz_IBUF_BUFG_inst/O
                         net (fo=98, routed)          1.724     5.327    db_r/clk_100MHz_IBUF_BUFG
    SLICE_X3Y57          FDRE                                         r  db_r/btn_level_reg/C
  -------------------------------------------------------------------    -------------------
    SLICE_X3Y57          FDRE (Prop_fdre_C_Q)         0.456     5.783 f  db_r/btn_level_reg/Q
                         net (fo=32, routed)          1.135     6.917    fsm/rst_l
    SLICE_X0Y62          FDCE                                         f  fsm/FSM_sequential_curr_reg[1]/CLR
  -------------------------------------------------------------------    -------------------

                         (clock sys_clk_pin rise edge)
                                                     10.000    10.000 r  
    E3                                                0.000    10.000 r  clk_100MHz (IN)
                         net (fo=0)                   0.000    10.000    clk_100MHz
    E3                   IBUF (Prop_ibuf_I_O)         1.411    11.411 r  clk_100MHz_IBUF_inst/O
                         net (fo=1, routed)           1.920    13.331    clk_100MHz_IBUF
    BUFGCTRL_X0Y16       BUFG (Prop_bufg_I_O)         0.091    13.422 r  clk_100MHz_IBUF_BUFG_inst/O
                         net (fo=98, routed)          1.601    15.024    fsm/clk_100MHz_IBUF_BUFG
    SLICE_X0Y62          FDCE                                         r  fsm/FSM_sequential_curr_reg[1]/C
                         clock pessimism              0.275    15.299    
                         clock uncertainty           -0.035    15.263    
    SLICE_X0Y62          FDCE (Recov_fdce_C_CLR)     -0.405    14.858    fsm/FSM_sequential_curr_reg[1]
  -------------------------------------------------------------------
                         required time                         14.858    
                         arrival time                          -6.917    
  -------------------------------------------------------------------
                         slack                                  7.941    





Min Delay Paths
--------------------------------------------------------------------------------------
Slack (MET) :             0.403ns  (arrival time - required time)
  Source:                 db_r/btn_level_reg/C
                            (rising edge-triggered cell FDRE clocked by sys_clk_pin  {rise@0.000ns fall@5.000ns period=10.000ns})
  Destination:            tmr/count_reg[10]/CLR
                            (removal check against rising-edge clock sys_clk_pin  {rise@0.000ns fall@5.000ns period=10.000ns})
  Path Group:             **async_default**
  Path Type:              Removal (Min at Fast Process Corner)
  Requirement:            0.000ns  (sys_clk_pin rise@0.000ns - sys_clk_pin rise@0.000ns)
  Data Path Delay:        0.327ns  (logic 0.141ns (43.115%)  route 0.186ns (56.885%))
  Logic Levels:           0  
  Clock Path Skew:        0.016ns (DCD - SCD - CPR)
    Destination Clock Delay (DCD):    2.041ns
    Source Clock Delay      (SCD):    1.522ns
    Clock Pessimism Removal (CPR):    0.502ns

    Location             Delay type                Incr(ns)  Path(ns)    Netlist Resource(s)
  -------------------------------------------------------------------    -------------------
                         (clock sys_clk_pin rise edge)
                                                      0.000     0.000 r  
    E3                                                0.000     0.000 r  clk_100MHz (IN)
                         net (fo=0)                   0.000     0.000    clk_100MHz
    E3                   IBUF (Prop_ibuf_I_O)         0.250     0.250 r  clk_100MHz_IBUF_inst/O
                         net (fo=1, routed)           0.644     0.894    clk_100MHz_IBUF
    BUFGCTRL_X0Y16       BUFG (Prop_bufg_I_O)         0.026     0.920 r  clk_100MHz_IBUF_BUFG_inst/O
                         net (fo=98, routed)          0.603     1.522    db_r/clk_100MHz_IBUF_BUFG
    SLICE_X3Y57          FDRE                                         r  db_r/btn_level_reg/C
  -------------------------------------------------------------------    -------------------
    SLICE_X3Y57          FDRE (Prop_fdre_C_Q)         0.141     1.663 f  db_r/btn_level_reg/Q
                         net (fo=32, routed)          0.186     1.849    tmr/rst_l
    SLICE_X1Y57          FDCE                                         f  tmr/count_reg[10]/CLR
  -------------------------------------------------------------------    -------------------

                         (clock sys_clk_pin rise edge)
                                                      0.000     0.000 r  
    E3                                                0.000     0.000 r  clk_100MHz (IN)
                         net (fo=0)                   0.000     0.000    clk_100MHz
    E3                   IBUF (Prop_ibuf_I_O)         0.438     0.438 r  clk_100MHz_IBUF_inst/O
                         net (fo=1, routed)           0.699     1.136    clk_100MHz_IBUF
    BUFGCTRL_X0Y16       BUFG (Prop_bufg_I_O)         0.029     1.165 r  clk_100MHz_IBUF_BUFG_inst/O
                         net (fo=98, routed)          0.876     2.041    tmr/clk_100MHz_IBUF_BUFG
    SLICE_X1Y57          FDCE                                         r  tmr/count_reg[10]/C
                         clock pessimism             -0.502     1.538    
    SLICE_X1Y57          FDCE (Remov_fdce_C_CLR)     -0.092     1.446    tmr/count_reg[10]
  -------------------------------------------------------------------
                         required time                         -1.446    
                         arrival time                           1.849    
  -------------------------------------------------------------------
                         slack                                  0.403    

Slack (MET) :             0.403ns  (arrival time - required time)
  Source:                 db_r/btn_level_reg/C
                            (rising edge-triggered cell FDRE clocked by sys_clk_pin  {rise@0.000ns fall@5.000ns period=10.000ns})
  Destination:            tmr/count_reg[11]/CLR
                            (removal check against rising-edge clock sys_clk_pin  {rise@0.000ns fall@5.000ns period=10.000ns})
  Path Group:             **async_default**
  Path Type:              Removal (Min at Fast Process Corner)
  Requirement:            0.000ns  (sys_clk_pin rise@0.000ns - sys_clk_pin rise@0.000ns)
  Data Path Delay:        0.327ns  (logic 0.141ns (43.115%)  route 0.186ns (56.885%))
  Logic Levels:           0  
  Clock Path Skew:        0.016ns (DCD - SCD - CPR)
    Destination Clock Delay (DCD):    2.041ns
    Source Clock Delay      (SCD):    1.522ns
    Clock Pessimism Removal (CPR):    0.502ns

    Location             Delay type                Incr(ns)  Path(ns)    Netlist Resource(s)
  -------------------------------------------------------------------    -------------------
                         (clock sys_clk_pin rise edge)
                                                      0.000     0.000 r  
    E3                                                0.000     0.000 r  clk_100MHz (IN)
                         net (fo=0)                   0.000     0.000    clk_100MHz
    E3                   IBUF (Prop_ibuf_I_O)         0.250     0.250 r  clk_100MHz_IBUF_inst/O
                         net (fo=1, routed)           0.644     0.894    clk_100MHz_IBUF
    BUFGCTRL_X0Y16       BUFG (Prop_bufg_I_O)         0.026     0.920 r  clk_100MHz_IBUF_BUFG_inst/O
                         net (fo=98, routed)          0.603     1.522    db_r/clk_100MHz_IBUF_BUFG
    SLICE_X3Y57          FDRE                                         r  db_r/btn_level_reg/C
  -------------------------------------------------------------------    -------------------
    SLICE_X3Y57          FDRE (Prop_fdre_C_Q)         0.141     1.663 f  db_r/btn_level_reg/Q
                         net (fo=32, routed)          0.186     1.849    tmr/rst_l
    SLICE_X1Y57          FDCE                                         f  tmr/count_reg[11]/CLR
  -------------------------------------------------------------------    -------------------

                         (clock sys_clk_pin rise edge)
                                                      0.000     0.000 r  
    E3                                                0.000     0.000 r  clk_100MHz (IN)
                         net (fo=0)                   0.000     0.000    clk_100MHz
    E3                   IBUF (Prop_ibuf_I_O)         0.438     0.438 r  clk_100MHz_IBUF_inst/O
                         net (fo=1, routed)           0.699     1.136    clk_100MHz_IBUF
    BUFGCTRL_X0Y16       BUFG (Prop_bufg_I_O)         0.029     1.165 r  clk_100MHz_IBUF_BUFG_inst/O
                         net (fo=98, routed)          0.876     2.041    tmr/clk_100MHz_IBUF_BUFG
    SLICE_X1Y57          FDCE                                         r  tmr/count_reg[11]/C
                         clock pessimism             -0.502     1.538    
    SLICE_X1Y57          FDCE (Remov_fdce_C_CLR)     -0.092     1.446    tmr/count_reg[11]
  -------------------------------------------------------------------
                         required time                         -1.446    
                         arrival time                           1.849    
  -------------------------------------------------------------------
                         slack                                  0.403    

Slack (MET) :             0.403ns  (arrival time - required time)
  Source:                 db_r/btn_level_reg/C
                            (rising edge-triggered cell FDRE clocked by sys_clk_pin  {rise@0.000ns fall@5.000ns period=10.000ns})
  Destination:            tmr/count_reg[8]/CLR
                            (removal check against rising-edge clock sys_clk_pin  {rise@0.000ns fall@5.000ns period=10.000ns})
  Path Group:             **async_default**
  Path Type:              Removal (Min at Fast Process Corner)
  Requirement:            0.000ns  (sys_clk_pin rise@0.000ns - sys_clk_pin rise@0.000ns)
  Data Path Delay:        0.327ns  (logic 0.141ns (43.115%)  route 0.186ns (56.885%))
  Logic Levels:           0  
  Clock Path Skew:        0.016ns (DCD - SCD - CPR)
    Destination Clock Delay (DCD):    2.041ns
    Source Clock Delay      (SCD):    1.522ns
    Clock Pessimism Removal (CPR):    0.502ns

    Location             Delay type                Incr(ns)  Path(ns)    Netlist Resource(s)
  -------------------------------------------------------------------    -------------------
                         (clock sys_clk_pin rise edge)
                                                      0.000     0.000 r  
    E3                                                0.000     0.000 r  clk_100MHz (IN)
                         net (fo=0)                   0.000     0.000    clk_100MHz
    E3                   IBUF (Prop_ibuf_I_O)         0.250     0.250 r  clk_100MHz_IBUF_inst/O
                         net (fo=1, routed)           0.644     0.894    clk_100MHz_IBUF
    BUFGCTRL_X0Y16       BUFG (Prop_bufg_I_O)         0.026     0.920 r  clk_100MHz_IBUF_BUFG_inst/O
                         net (fo=98, routed)          0.603     1.522    db_r/clk_100MHz_IBUF_BUFG
    SLICE_X3Y57          FDRE                                         r  db_r/btn_level_reg/C
  -------------------------------------------------------------------    -------------------
    SLICE_X3Y57          FDRE (Prop_fdre_C_Q)         0.141     1.663 f  db_r/btn_level_reg/Q
                         net (fo=32, routed)          0.186     1.849    tmr/rst_l
    SLICE_X1Y57          FDCE                                         f  tmr/count_reg[8]/CLR
  -------------------------------------------------------------------    -------------------

                         (clock sys_clk_pin rise edge)
                                                      0.000     0.000 r  
    E3                                                0.000     0.000 r  clk_100MHz (IN)
                         net (fo=0)                   0.000     0.000    clk_100MHz
    E3                   IBUF (Prop_ibuf_I_O)         0.438     0.438 r  clk_100MHz_IBUF_inst/O
                         net (fo=1, routed)           0.699     1.136    clk_100MHz_IBUF
    BUFGCTRL_X0Y16       BUFG (Prop_bufg_I_O)         0.029     1.165 r  clk_100MHz_IBUF_BUFG_inst/O
                         net (fo=98, routed)          0.876     2.041    tmr/clk_100MHz_IBUF_BUFG
    SLICE_X1Y57          FDCE                                         r  tmr/count_reg[8]/C
                         clock pessimism             -0.502     1.538    
    SLICE_X1Y57          FDCE (Remov_fdce_C_CLR)     -0.092     1.446    tmr/count_reg[8]
  -------------------------------------------------------------------
                         required time                         -1.446    
                         arrival time                           1.849    
  -------------------------------------------------------------------
                         slack                                  0.403    

Slack (MET) :             0.403ns  (arrival time - required time)
  Source:                 db_r/btn_level_reg/C
                            (rising edge-triggered cell FDRE clocked by sys_clk_pin  {rise@0.000ns fall@5.000ns period=10.000ns})
  Destination:            tmr/count_reg[9]/CLR
                            (removal check against rising-edge clock sys_clk_pin  {rise@0.000ns fall@5.000ns period=10.000ns})
  Path Group:             **async_default**
  Path Type:              Removal (Min at Fast Process Corner)
  Requirement:            0.000ns  (sys_clk_pin rise@0.000ns - sys_clk_pin rise@0.000ns)
  Data Path Delay:        0.327ns  (logic 0.141ns (43.115%)  route 0.186ns (56.885%))
  Logic Levels:           0  
  Clock Path Skew:        0.016ns (DCD - SCD - CPR)
    Destination Clock Delay (DCD):    2.041ns
    Source Clock Delay      (SCD):    1.522ns
    Clock Pessimism Removal (CPR):    0.502ns

    Location             Delay type                Incr(ns)  Path(ns)    Netlist Resource(s)
  -------------------------------------------------------------------    -------------------
                         (clock sys_clk_pin rise edge)
                                                      0.000     0.000 r  
    E3                                                0.000     0.000 r  clk_100MHz (IN)
                         net (fo=0)                   0.000     0.000    clk_100MHz
    E3                   IBUF (Prop_ibuf_I_O)         0.250     0.250 r  clk_100MHz_IBUF_inst/O
                         net (fo=1, routed)           0.644     0.894    clk_100MHz_IBUF
    BUFGCTRL_X0Y16       BUFG (Prop_bufg_I_O)         0.026     0.920 r  clk_100MHz_IBUF_BUFG_inst/O
                         net (fo=98, routed)          0.603     1.522    db_r/clk_100MHz_IBUF_BUFG
    SLICE_X3Y57          FDRE                                         r  db_r/btn_level_reg/C
  -------------------------------------------------------------------    -------------------
    SLICE_X3Y57          FDRE (Prop_fdre_C_Q)         0.141     1.663 f  db_r/btn_level_reg/Q
                         net (fo=32, routed)          0.186     1.849    tmr/rst_l
    SLICE_X1Y57          FDCE                                         f  tmr/count_reg[9]/CLR
  -------------------------------------------------------------------    -------------------

                         (clock sys_clk_pin rise edge)
                                                      0.000     0.000 r  
    E3                                                0.000     0.000 r  clk_100MHz (IN)
                         net (fo=0)                   0.000     0.000    clk_100MHz
    E3                   IBUF (Prop_ibuf_I_O)         0.438     0.438 r  clk_100MHz_IBUF_inst/O
                         net (fo=1, routed)           0.699     1.136    clk_100MHz_IBUF
    BUFGCTRL_X0Y16       BUFG (Prop_bufg_I_O)         0.029     1.165 r  clk_100MHz_IBUF_BUFG_inst/O
                         net (fo=98, routed)          0.876     2.041    tmr/clk_100MHz_IBUF_BUFG
    SLICE_X1Y57          FDCE                                         r  tmr/count_reg[9]/C
                         clock pessimism             -0.502     1.538    
    SLICE_X1Y57          FDCE (Remov_fdce_C_CLR)     -0.092     1.446    tmr/count_reg[9]
  -------------------------------------------------------------------
                         required time                         -1.446    
                         arrival time                           1.849    
  -------------------------------------------------------------------
                         slack                                  0.403    

Slack (MET) :             0.407ns  (arrival time - required time)
  Source:                 db_r/btn_level_reg/C
                            (rising edge-triggered cell FDRE clocked by sys_clk_pin  {rise@0.000ns fall@5.000ns period=10.000ns})
  Destination:            tmr/led_hb_reg/CLR
                            (removal check against rising-edge clock sys_clk_pin  {rise@0.000ns fall@5.000ns period=10.000ns})
  Path Group:             **async_default**
  Path Type:              Removal (Min at Fast Process Corner)
  Requirement:            0.000ns  (sys_clk_pin rise@0.000ns - sys_clk_pin rise@0.000ns)
  Data Path Delay:        0.331ns  (logic 0.141ns (42.549%)  route 0.190ns (57.451%))
  Logic Levels:           0  
  Clock Path Skew:        0.016ns (DCD - SCD - CPR)
    Destination Clock Delay (DCD):    2.041ns
    Source Clock Delay      (SCD):    1.522ns
    Clock Pessimism Removal (CPR):    0.502ns

    Location             Delay type                Incr(ns)  Path(ns)    Netlist Resource(s)
  -------------------------------------------------------------------    -------------------
                         (clock sys_clk_pin rise edge)
                                                      0.000     0.000 r  
    E3                                                0.000     0.000 r  clk_100MHz (IN)
                         net (fo=0)                   0.000     0.000    clk_100MHz
    E3                   IBUF (Prop_ibuf_I_O)         0.250     0.250 r  clk_100MHz_IBUF_inst/O
                         net (fo=1, routed)           0.644     0.894    clk_100MHz_IBUF
    BUFGCTRL_X0Y16       BUFG (Prop_bufg_I_O)         0.026     0.920 r  clk_100MHz_IBUF_BUFG_inst/O
                         net (fo=98, routed)          0.603     1.522    db_r/clk_100MHz_IBUF_BUFG
    SLICE_X3Y57          FDRE                                         r  db_r/btn_level_reg/C
  -------------------------------------------------------------------    -------------------
    SLICE_X3Y57          FDRE (Prop_fdre_C_Q)         0.141     1.663 f  db_r/btn_level_reg/Q
                         net (fo=32, routed)          0.190     1.854    tmr/rst_l
    SLICE_X0Y57          FDCE                                         f  tmr/led_hb_reg/CLR
  -------------------------------------------------------------------    -------------------

                         (clock sys_clk_pin rise edge)
                                                      0.000     0.000 r  
    E3                                                0.000     0.000 r  clk_100MHz (IN)
                         net (fo=0)                   0.000     0.000    clk_100MHz
    E3                   IBUF (Prop_ibuf_I_O)         0.438     0.438 r  clk_100MHz_IBUF_inst/O
                         net (fo=1, routed)           0.699     1.136    clk_100MHz_IBUF
    BUFGCTRL_X0Y16       BUFG (Prop_bufg_I_O)         0.029     1.165 r  clk_100MHz_IBUF_BUFG_inst/O
                         net (fo=98, routed)          0.876     2.041    tmr/clk_100MHz_IBUF_BUFG
    SLICE_X0Y57          FDCE                                         r  tmr/led_hb_reg/C
                         clock pessimism             -0.502     1.538    
    SLICE_X0Y57          FDCE (Remov_fdce_C_CLR)     -0.092     1.446    tmr/led_hb_reg
  -------------------------------------------------------------------
                         required time                         -1.446    
                         arrival time                           1.854    
  -------------------------------------------------------------------
                         slack                                  0.407    

Slack (MET) :             0.483ns  (arrival time - required time)
  Source:                 db_r/btn_level_reg/C
                            (rising edge-triggered cell FDRE clocked by sys_clk_pin  {rise@0.000ns fall@5.000ns period=10.000ns})
  Destination:            tmr/count_reg[12]/CLR
                            (removal check against rising-edge clock sys_clk_pin  {rise@0.000ns fall@5.000ns period=10.000ns})
  Path Group:             **async_default**
  Path Type:              Removal (Min at Fast Process Corner)
  Requirement:            0.000ns  (sys_clk_pin rise@0.000ns - sys_clk_pin rise@0.000ns)
  Data Path Delay:        0.407ns  (logic 0.141ns (34.641%)  route 0.266ns (65.359%))
  Logic Levels:           0  
  Clock Path Skew:        0.016ns (DCD - SCD - CPR)
    Destination Clock Delay (DCD):    2.041ns
    Source Clock Delay      (SCD):    1.522ns
    Clock Pessimism Removal (CPR):    0.502ns

    Location             Delay type                Incr(ns)  Path(ns)    Netlist Resource(s)
  -------------------------------------------------------------------    -------------------
                         (clock sys_clk_pin rise edge)
                                                      0.000     0.000 r  
    E3                                                0.000     0.000 r  clk_100MHz (IN)
                         net (fo=0)                   0.000     0.000    clk_100MHz
    E3                   IBUF (Prop_ibuf_I_O)         0.250     0.250 r  clk_100MHz_IBUF_inst/O
                         net (fo=1, routed)           0.644     0.894    clk_100MHz_IBUF
    BUFGCTRL_X0Y16       BUFG (Prop_bufg_I_O)         0.026     0.920 r  clk_100MHz_IBUF_BUFG_inst/O
                         net (fo=98, routed)          0.603     1.522    db_r/clk_100MHz_IBUF_BUFG
    SLICE_X3Y57          FDRE                                         r  db_r/btn_level_reg/C
  -------------------------------------------------------------------    -------------------
    SLICE_X3Y57          FDRE (Prop_fdre_C_Q)         0.141     1.663 f  db_r/btn_level_reg/Q
                         net (fo=32, routed)          0.266     1.929    tmr/rst_l
    SLICE_X1Y58          FDCE                                         f  tmr/count_reg[12]/CLR
  -------------------------------------------------------------------    -------------------

                         (clock sys_clk_pin rise edge)
                                                      0.000     0.000 r  
    E3                                                0.000     0.000 r  clk_100MHz (IN)
                         net (fo=0)                   0.000     0.000    clk_100MHz
    E3                   IBUF (Prop_ibuf_I_O)         0.438     0.438 r  clk_100MHz_IBUF_inst/O
                         net (fo=1, routed)           0.699     1.136    clk_100MHz_IBUF
    BUFGCTRL_X0Y16       BUFG (Prop_bufg_I_O)         0.029     1.165 r  clk_100MHz_IBUF_BUFG_inst/O
                         net (fo=98, routed)          0.876     2.041    tmr/clk_100MHz_IBUF_BUFG
    SLICE_X1Y58          FDCE                                         r  tmr/count_reg[12]/C
                         clock pessimism             -0.502     1.538    
    SLICE_X1Y58          FDCE (Remov_fdce_C_CLR)     -0.092     1.446    tmr/count_reg[12]
  -------------------------------------------------------------------
                         required time                         -1.446    
                         arrival time                           1.929    
  -------------------------------------------------------------------
                         slack                                  0.483    

Slack (MET) :             0.483ns  (arrival time - required time)
  Source:                 db_r/btn_level_reg/C
                            (rising edge-triggered cell FDRE clocked by sys_clk_pin  {rise@0.000ns fall@5.000ns period=10.000ns})
  Destination:            tmr/count_reg[13]/CLR
                            (removal check against rising-edge clock sys_clk_pin  {rise@0.000ns fall@5.000ns period=10.000ns})
  Path Group:             **async_default**
  Path Type:              Removal (Min at Fast Process Corner)
  Requirement:            0.000ns  (sys_clk_pin rise@0.000ns - sys_clk_pin rise@0.000ns)
  Data Path Delay:        0.407ns  (logic 0.141ns (34.641%)  route 0.266ns (65.359%))
  Logic Levels:           0  
  Clock Path Skew:        0.016ns (DCD - SCD - CPR)
    Destination Clock Delay (DCD):    2.041ns
    Source Clock Delay      (SCD):    1.522ns
    Clock Pessimism Removal (CPR):    0.502ns

    Location             Delay type                Incr(ns)  Path(ns)    Netlist Resource(s)
  -------------------------------------------------------------------    -------------------
                         (clock sys_clk_pin rise edge)
                                                      0.000     0.000 r  
    E3                                                0.000     0.000 r  clk_100MHz (IN)
                         net (fo=0)                   0.000     0.000    clk_100MHz
    E3                   IBUF (Prop_ibuf_I_O)         0.250     0.250 r  clk_100MHz_IBUF_inst/O
                         net (fo=1, routed)           0.644     0.894    clk_100MHz_IBUF
    BUFGCTRL_X0Y16       BUFG (Prop_bufg_I_O)         0.026     0.920 r  clk_100MHz_IBUF_BUFG_inst/O
                         net (fo=98, routed)          0.603     1.522    db_r/clk_100MHz_IBUF_BUFG
    SLICE_X3Y57          FDRE                                         r  db_r/btn_level_reg/C
  -------------------------------------------------------------------    -------------------
    SLICE_X3Y57          FDRE (Prop_fdre_C_Q)         0.141     1.663 f  db_r/btn_level_reg/Q
                         net (fo=32, routed)          0.266     1.929    tmr/rst_l
    SLICE_X1Y58          FDCE                                         f  tmr/count_reg[13]/CLR
  -------------------------------------------------------------------    -------------------

                         (clock sys_clk_pin rise edge)
                                                      0.000     0.000 r  
    E3                                                0.000     0.000 r  clk_100MHz (IN)
                         net (fo=0)                   0.000     0.000    clk_100MHz
    E3                   IBUF (Prop_ibuf_I_O)         0.438     0.438 r  clk_100MHz_IBUF_inst/O
                         net (fo=1, routed)           0.699     1.136    clk_100MHz_IBUF
    BUFGCTRL_X0Y16       BUFG (Prop_bufg_I_O)         0.029     1.165 r  clk_100MHz_IBUF_BUFG_inst/O
                         net (fo=98, routed)          0.876     2.041    tmr/clk_100MHz_IBUF_BUFG
    SLICE_X1Y58          FDCE                                         r  tmr/count_reg[13]/C
                         clock pessimism             -0.502     1.538    
    SLICE_X1Y58          FDCE (Remov_fdce_C_CLR)     -0.092     1.446    tmr/count_reg[13]
  -------------------------------------------------------------------
                         required time                         -1.446    
                         arrival time                           1.929    
  -------------------------------------------------------------------
                         slack                                  0.483    

Slack (MET) :             0.483ns  (arrival time - required time)
  Source:                 db_r/btn_level_reg/C
                            (rising edge-triggered cell FDRE clocked by sys_clk_pin  {rise@0.000ns fall@5.000ns period=10.000ns})
  Destination:            tmr/count_reg[14]/CLR
                            (removal check against rising-edge clock sys_clk_pin  {rise@0.000ns fall@5.000ns period=10.000ns})
  Path Group:             **async_default**
  Path Type:              Removal (Min at Fast Process Corner)
  Requirement:            0.000ns  (sys_clk_pin rise@0.000ns - sys_clk_pin rise@0.000ns)
  Data Path Delay:        0.407ns  (logic 0.141ns (34.641%)  route 0.266ns (65.359%))
  Logic Levels:           0  
  Clock Path Skew:        0.016ns (DCD - SCD - CPR)
    Destination Clock Delay (DCD):    2.041ns
    Source Clock Delay      (SCD):    1.522ns
    Clock Pessimism Removal (CPR):    0.502ns

    Location             Delay type                Incr(ns)  Path(ns)    Netlist Resource(s)
  -------------------------------------------------------------------    -------------------
                         (clock sys_clk_pin rise edge)
                                                      0.000     0.000 r  
    E3                                                0.000     0.000 r  clk_100MHz (IN)
                         net (fo=0)                   0.000     0.000    clk_100MHz
    E3                   IBUF (Prop_ibuf_I_O)         0.250     0.250 r  clk_100MHz_IBUF_inst/O
                         net (fo=1, routed)           0.644     0.894    clk_100MHz_IBUF
    BUFGCTRL_X0Y16       BUFG (Prop_bufg_I_O)         0.026     0.920 r  clk_100MHz_IBUF_BUFG_inst/O
                         net (fo=98, routed)          0.603     1.522    db_r/clk_100MHz_IBUF_BUFG
    SLICE_X3Y57          FDRE                                         r  db_r/btn_level_reg/C
  -------------------------------------------------------------------    -------------------
    SLICE_X3Y57          FDRE (Prop_fdre_C_Q)         0.141     1.663 f  db_r/btn_level_reg/Q
                         net (fo=32, routed)          0.266     1.929    tmr/rst_l
    SLICE_X1Y58          FDCE                                         f  tmr/count_reg[14]/CLR
  -------------------------------------------------------------------    -------------------

                         (clock sys_clk_pin rise edge)
                                                      0.000     0.000 r  
    E3                                                0.000     0.000 r  clk_100MHz (IN)
                         net (fo=0)                   0.000     0.000    clk_100MHz
    E3                   IBUF (Prop_ibuf_I_O)         0.438     0.438 r  clk_100MHz_IBUF_inst/O
                         net (fo=1, routed)           0.699     1.136    clk_100MHz_IBUF
    BUFGCTRL_X0Y16       BUFG (Prop_bufg_I_O)         0.029     1.165 r  clk_100MHz_IBUF_BUFG_inst/O
                         net (fo=98, routed)          0.876     2.041    tmr/clk_100MHz_IBUF_BUFG
    SLICE_X1Y58          FDCE                                         r  tmr/count_reg[14]/C
                         clock pessimism             -0.502     1.538    
    SLICE_X1Y58          FDCE (Remov_fdce_C_CLR)     -0.092     1.446    tmr/count_reg[14]
  -------------------------------------------------------------------
                         required time                         -1.446    
                         arrival time                           1.929    
  -------------------------------------------------------------------
                         slack                                  0.483    

Slack (MET) :             0.483ns  (arrival time - required time)
  Source:                 db_r/btn_level_reg/C
                            (rising edge-triggered cell FDRE clocked by sys_clk_pin  {rise@0.000ns fall@5.000ns period=10.000ns})
  Destination:            tmr/count_reg[15]/CLR
                            (removal check against rising-edge clock sys_clk_pin  {rise@0.000ns fall@5.000ns period=10.000ns})
  Path Group:             **async_default**
  Path Type:              Removal (Min at Fast Process Corner)
  Requirement:            0.000ns  (sys_clk_pin rise@0.000ns - sys_clk_pin rise@0.000ns)
  Data Path Delay:        0.407ns  (logic 0.141ns (34.641%)  route 0.266ns (65.359%))
  Logic Levels:           0  
  Clock Path Skew:        0.016ns (DCD - SCD - CPR)
    Destination Clock Delay (DCD):    2.041ns
    Source Clock Delay      (SCD):    1.522ns
    Clock Pessimism Removal (CPR):    0.502ns

    Location             Delay type                Incr(ns)  Path(ns)    Netlist Resource(s)
  -------------------------------------------------------------------    -------------------
                         (clock sys_clk_pin rise edge)
                                                      0.000     0.000 r  
    E3                                                0.000     0.000 r  clk_100MHz (IN)
                         net (fo=0)                   0.000     0.000    clk_100MHz
    E3                   IBUF (Prop_ibuf_I_O)         0.250     0.250 r  clk_100MHz_IBUF_inst/O
                         net (fo=1, routed)           0.644     0.894    clk_100MHz_IBUF
    BUFGCTRL_X0Y16       BUFG (Prop_bufg_I_O)         0.026     0.920 r  clk_100MHz_IBUF_BUFG_inst/O
                         net (fo=98, routed)          0.603     1.522    db_r/clk_100MHz_IBUF_BUFG
    SLICE_X3Y57          FDRE                                         r  db_r/btn_level_reg/C
  -------------------------------------------------------------------    -------------------
    SLICE_X3Y57          FDRE (Prop_fdre_C_Q)         0.141     1.663 f  db_r/btn_level_reg/Q
                         net (fo=32, routed)          0.266     1.929    tmr/rst_l
    SLICE_X1Y58          FDCE                                         f  tmr/count_reg[15]/CLR
  -------------------------------------------------------------------    -------------------

                         (clock sys_clk_pin rise edge)
                                                      0.000     0.000 r  
    E3                                                0.000     0.000 r  clk_100MHz (IN)
                         net (fo=0)                   0.000     0.000    clk_100MHz
    E3                   IBUF (Prop_ibuf_I_O)         0.438     0.438 r  clk_100MHz_IBUF_inst/O
                         net (fo=1, routed)           0.699     1.136    clk_100MHz_IBUF
    BUFGCTRL_X0Y16       BUFG (Prop_bufg_I_O)         0.029     1.165 r  clk_100MHz_IBUF_BUFG_inst/O
                         net (fo=98, routed)          0.876     2.041    tmr/clk_100MHz_IBUF_BUFG
    SLICE_X1Y58          FDCE                                         r  tmr/count_reg[15]/C
                         clock pessimism             -0.502     1.538    
    SLICE_X1Y58          FDCE (Remov_fdce_C_CLR)     -0.092     1.446    tmr/count_reg[15]
  -------------------------------------------------------------------
                         required time                         -1.446    
                         arrival time                           1.929    
  -------------------------------------------------------------------
                         slack                                  0.483    

Slack (MET) :             0.524ns  (arrival time - required time)
  Source:                 db_r/btn_level_reg/C
                            (rising edge-triggered cell FDRE clocked by sys_clk_pin  {rise@0.000ns fall@5.000ns period=10.000ns})
  Destination:            tmr/count_reg[20]/CLR
                            (removal check against rising-edge clock sys_clk_pin  {rise@0.000ns fall@5.000ns period=10.000ns})
  Path Group:             **async_default**
  Path Type:              Removal (Min at Fast Process Corner)
  Requirement:            0.000ns  (sys_clk_pin rise@0.000ns - sys_clk_pin rise@0.000ns)
  Data Path Delay:        0.447ns  (logic 0.141ns (31.526%)  route 0.306ns (68.474%))
  Logic Levels:           0  
  Clock Path Skew:        0.015ns (DCD - SCD - CPR)
    Destination Clock Delay (DCD):    2.040ns
    Source Clock Delay      (SCD):    1.522ns
    Clock Pessimism Removal (CPR):    0.502ns

    Location             Delay type                Incr(ns)  Path(ns)    Netlist Resource(s)
  -------------------------------------------------------------------    -------------------
                         (clock sys_clk_pin rise edge)
                                                      0.000     0.000 r  
    E3                                                0.000     0.000 r  clk_100MHz (IN)
                         net (fo=0)                   0.000     0.000    clk_100MHz
    E3                   IBUF (Prop_ibuf_I_O)         0.250     0.250 r  clk_100MHz_IBUF_inst/O
                         net (fo=1, routed)           0.644     0.894    clk_100MHz_IBUF
    BUFGCTRL_X0Y16       BUFG (Prop_bufg_I_O)         0.026     0.920 r  clk_100MHz_IBUF_BUFG_inst/O
                         net (fo=98, routed)          0.603     1.522    db_r/clk_100MHz_IBUF_BUFG
    SLICE_X3Y57          FDRE                                         r  db_r/btn_level_reg/C
  -------------------------------------------------------------------    -------------------
    SLICE_X3Y57          FDRE (Prop_fdre_C_Q)         0.141     1.663 f  db_r/btn_level_reg/Q
                         net (fo=32, routed)          0.306     1.970    tmr/rst_l
    SLICE_X1Y60          FDCE                                         f  tmr/count_reg[20]/CLR
  -------------------------------------------------------------------    -------------------

                         (clock sys_clk_pin rise edge)
                                                      0.000     0.000 r  
    E3                                                0.000     0.000 r  clk_100MHz (IN)
                         net (fo=0)                   0.000     0.000    clk_100MHz
    E3                   IBUF (Prop_ibuf_I_O)         0.438     0.438 r  clk_100MHz_IBUF_inst/O
                         net (fo=1, routed)           0.699     1.136    clk_100MHz_IBUF
    BUFGCTRL_X0Y16       BUFG (Prop_bufg_I_O)         0.029     1.165 r  clk_100MHz_IBUF_BUFG_inst/O
                         net (fo=98, routed)          0.875     2.040    tmr/clk_100MHz_IBUF_BUFG
    SLICE_X1Y60          FDCE                                         r  tmr/count_reg[20]/C
                         clock pessimism             -0.502     1.537    
    SLICE_X1Y60          FDCE (Remov_fdce_C_CLR)     -0.092     1.445    tmr/count_reg[20]
  -------------------------------------------------------------------
                         required time                         -1.445    
                         arrival time                           1.970    
  -------------------------------------------------------------------
                         slack                                  0.524    





--------------------------------------------------------------------------------------
Path Group:  (none)
From Clock:  
  To Clock:  

Max Delay             4 Endpoints
Min Delay             4 Endpoints
--------------------------------------------------------------------------------------


Max Delay Paths
--------------------------------------------------------------------------------------
Slack:                    inf
  Source:                 sw0
                            (input port)
  Destination:            seg[3]
                            (output port)
  Path Group:             (none)
  Path Type:              Max at Slow Process Corner
  Data Path Delay:        11.119ns  (logic 5.152ns (46.333%)  route 5.967ns (53.667%))
  Logic Levels:           3  (IBUF=1 LUT6=1 OBUF=1)

    Location             Delay type                Incr(ns)  Path(ns)    Netlist Resource(s)
  -------------------------------------------------------------------    -------------------
    J15                                               0.000     0.000 r  sw0 (IN)
                         net (fo=0)                   0.000     0.000    sw0
    J15                  IBUF (Prop_ibuf_I_O)         1.478     1.478 r  sw0_IBUF_inst/O
                         net (fo=5, routed)           2.646     4.124    disp/sw0_IBUF
    SLICE_X0Y63          LUT6 (Prop_lut6_I0_O)        0.124     4.248 r  disp/seg_OBUF[3]_inst_i_1/O
                         net (fo=1, routed)           3.321     7.569    seg_OBUF[3]
    K13                  OBUF (Prop_obuf_I_O)         3.550    11.119 r  seg_OBUF[3]_inst/O
                         net (fo=0)                   0.000    11.119    seg[3]
    K13                                                               r  seg[3] (OUT)
  -------------------------------------------------------------------    -------------------

Slack:                    inf
  Source:                 sw0
                            (input port)
  Destination:            seg[0]
                            (output port)
  Path Group:             (none)
  Path Type:              Max at Slow Process Corner
  Data Path Delay:        9.897ns  (logic 5.179ns (52.325%)  route 4.718ns (47.675%))
  Logic Levels:           3  (IBUF=1 LUT6=1 OBUF=1)

    Location             Delay type                Incr(ns)  Path(ns)    Netlist Resource(s)
  -------------------------------------------------------------------    -------------------
    J15                                               0.000     0.000 r  sw0 (IN)
                         net (fo=0)                   0.000     0.000    sw0
    J15                  IBUF (Prop_ibuf_I_O)         1.478     1.478 r  sw0_IBUF_inst/O
                         net (fo=5, routed)           2.798     4.276    disp/sw0_IBUF
    SLICE_X0Y61          LUT6 (Prop_lut6_I0_O)        0.124     4.400 r  disp/seg_OBUF[0]_inst_i_1/O
                         net (fo=1, routed)           1.920     6.320    seg_OBUF[0]
    T10                  OBUF (Prop_obuf_I_O)         3.577     9.897 r  seg_OBUF[0]_inst/O
                         net (fo=0)                   0.000     9.897    seg[0]
    T10                                                               r  seg[0] (OUT)
  -------------------------------------------------------------------    -------------------

Slack:                    inf
  Source:                 sw0
                            (input port)
  Destination:            seg[4]
                            (output port)
  Path Group:             (none)
  Path Type:              Max at Slow Process Corner
  Data Path Delay:        9.707ns  (logic 5.135ns (52.901%)  route 4.572ns (47.099%))
  Logic Levels:           3  (IBUF=1 LUT6=1 OBUF=1)

    Location             Delay type                Incr(ns)  Path(ns)    Netlist Resource(s)
  -------------------------------------------------------------------    -------------------
    J15                                               0.000     0.000 r  sw0 (IN)
                         net (fo=0)                   0.000     0.000    sw0
    J15                  IBUF (Prop_ibuf_I_O)         1.478     1.478 r  sw0_IBUF_inst/O
                         net (fo=5, routed)           2.657     4.135    disp/sw0_IBUF
    SLICE_X0Y63          LUT6 (Prop_lut6_I0_O)        0.124     4.259 r  disp/seg_OBUF[4]_inst_i_1/O
                         net (fo=1, routed)           1.915     6.174    seg_OBUF[4]
    P15                  OBUF (Prop_obuf_I_O)         3.534     9.707 r  seg_OBUF[4]_inst/O
                         net (fo=0)                   0.000     9.707    seg[4]
    P15                                                               r  seg[4] (OUT)
  -------------------------------------------------------------------    -------------------

Slack:                    inf
  Source:                 sw0
                            (input port)
  Destination:            seg[5]
                            (output port)
  Path Group:             (none)
  Path Type:              Max at Slow Process Corner
  Data Path Delay:        9.616ns  (logic 5.162ns (53.683%)  route 4.454ns (46.317%))
  Logic Levels:           3  (IBUF=1 LUT6=1 OBUF=1)

    Location             Delay type                Incr(ns)  Path(ns)    Netlist Resource(s)
  -------------------------------------------------------------------    -------------------
    J15                                               0.000     0.000 r  sw0 (IN)
                         net (fo=0)                   0.000     0.000    sw0
    J15                  IBUF (Prop_ibuf_I_O)         1.478     1.478 r  sw0_IBUF_inst/O
                         net (fo=5, routed)           2.791     4.269    disp/sw0_IBUF
    SLICE_X0Y61          LUT6 (Prop_lut6_I0_O)        0.124     4.393 r  disp/seg_OBUF[5]_inst_i_1/O
                         net (fo=1, routed)           1.663     6.056    seg_OBUF[5]
    T11                  OBUF (Prop_obuf_I_O)         3.561     9.616 r  seg_OBUF[5]_inst/O
                         net (fo=0)                   0.000     9.616    seg[5]
    T11                                                               r  seg[5] (OUT)
  -------------------------------------------------------------------    -------------------





Min Delay Paths
--------------------------------------------------------------------------------------
Slack:                    inf
  Source:                 sw0
                            (input port)
  Destination:            seg[5]
                            (output port)
  Path Group:             (none)
  Path Type:              Min at Fast Process Corner
  Data Path Delay:        3.032ns  (logic 1.552ns (51.183%)  route 1.480ns (48.817%))
  Logic Levels:           3  (IBUF=1 LUT6=1 OBUF=1)

    Location             Delay type                Incr(ns)  Path(ns)    Netlist Resource(s)
  -------------------------------------------------------------------    -------------------
    J15                                               0.000     0.000 r  sw0 (IN)
                         net (fo=0)                   0.000     0.000    sw0
    J15                  IBUF (Prop_ibuf_I_O)         0.245     0.245 r  sw0_IBUF_inst/O
                         net (fo=5, routed)           1.151     1.397    disp/sw0_IBUF
    SLICE_X0Y61          LUT6 (Prop_lut6_I0_O)        0.045     1.442 r  disp/seg_OBUF[5]_inst_i_1/O
                         net (fo=1, routed)           0.329     1.770    seg_OBUF[5]
    T11                  OBUF (Prop_obuf_I_O)         1.261     3.032 r  seg_OBUF[5]_inst/O
                         net (fo=0)                   0.000     3.032    seg[5]
    T11                                                               r  seg[5] (OUT)
  -------------------------------------------------------------------    -------------------

Slack:                    inf
  Source:                 sw0
                            (input port)
  Destination:            seg[4]
                            (output port)
  Path Group:             (none)
  Path Type:              Min at Fast Process Corner
  Data Path Delay:        3.057ns  (logic 1.525ns (49.883%)  route 1.532ns (50.117%))
  Logic Levels:           3  (IBUF=1 LUT6=1 OBUF=1)

    Location             Delay type                Incr(ns)  Path(ns)    Netlist Resource(s)
  -------------------------------------------------------------------    -------------------
    J15                                               0.000     0.000 r  sw0 (IN)
                         net (fo=0)                   0.000     0.000    sw0
    J15                  IBUF (Prop_ibuf_I_O)         0.245     0.245 r  sw0_IBUF_inst/O
                         net (fo=5, routed)           1.089     1.335    disp/sw0_IBUF
    SLICE_X0Y63          LUT6 (Prop_lut6_I0_O)        0.045     1.380 r  disp/seg_OBUF[4]_inst_i_1/O
                         net (fo=1, routed)           0.443     1.822    seg_OBUF[4]
    P15                  OBUF (Prop_obuf_I_O)         1.234     3.057 r  seg_OBUF[4]_inst/O
                         net (fo=0)                   0.000     3.057    seg[4]
    P15                                                               r  seg[4] (OUT)
  -------------------------------------------------------------------    -------------------

Slack:                    inf
  Source:                 sw0
                            (input port)
  Destination:            seg[0]
                            (output port)
  Path Group:             (none)
  Path Type:              Min at Fast Process Corner
  Data Path Delay:        3.164ns  (logic 1.568ns (49.551%)  route 1.596ns (50.449%))
  Logic Levels:           3  (IBUF=1 LUT6=1 OBUF=1)

    Location             Delay type                Incr(ns)  Path(ns)    Netlist Resource(s)
  -------------------------------------------------------------------    -------------------
    J15                                               0.000     0.000 r  sw0 (IN)
                         net (fo=0)                   0.000     0.000    sw0
    J15                  IBUF (Prop_ibuf_I_O)         0.245     0.245 r  sw0_IBUF_inst/O
                         net (fo=5, routed)           1.154     1.400    disp/sw0_IBUF
    SLICE_X0Y61          LUT6 (Prop_lut6_I0_O)        0.045     1.445 r  disp/seg_OBUF[0]_inst_i_1/O
                         net (fo=1, routed)           0.442     1.887    seg_OBUF[0]
    T10                  OBUF (Prop_obuf_I_O)         1.277     3.164 r  seg_OBUF[0]_inst/O
                         net (fo=0)                   0.000     3.164    seg[0]
    T10                                                               r  seg[0] (OUT)
  -------------------------------------------------------------------    -------------------

Slack:                    inf
  Source:                 sw0
                            (input port)
  Destination:            seg[3]
                            (output port)
  Path Group:             (none)
  Path Type:              Min at Fast Process Corner
  Data Path Delay:        3.672ns  (logic 1.541ns (41.980%)  route 2.130ns (58.020%))
  Logic Levels:           3  (IBUF=1 LUT6=1 OBUF=1)

    Location             Delay type                Incr(ns)  Path(ns)    Netlist Resource(s)
  -------------------------------------------------------------------    -------------------
    J15                                               0.000     0.000 r  sw0 (IN)
                         net (fo=0)                   0.000     0.000    sw0
    J15                  IBUF (Prop_ibuf_I_O)         0.245     0.245 r  sw0_IBUF_inst/O
                         net (fo=5, routed)           1.086     1.332    disp/sw0_IBUF
    SLICE_X0Y63          LUT6 (Prop_lut6_I0_O)        0.045     1.377 r  disp/seg_OBUF[3]_inst_i_1/O
                         net (fo=1, routed)           1.044     2.421    seg_OBUF[3]
    K13                  OBUF (Prop_obuf_I_O)         1.251     3.672 r  seg_OBUF[3]_inst/O
                         net (fo=0)                   0.000     3.672    seg[3]
    K13                                                               r  seg[3] (OUT)
  -------------------------------------------------------------------    -------------------





--------------------------------------------------------------------------------------
Path Group:  (none)
From Clock:  sys_clk_pin
  To Clock:  

Max Delay            17 Endpoints
Min Delay            17 Endpoints
--------------------------------------------------------------------------------------


Max Delay Paths
--------------------------------------------------------------------------------------
Slack:                    inf
  Source:                 disp/scan_reg[15]/C
                            (rising edge-triggered cell FDRE clocked by sys_clk_pin  {rise@0.000ns fall@5.000ns period=10.000ns})
  Destination:            an[6]
                            (output port)
  Path Group:             (none)
  Path Type:              Max at Slow Process Corner
  Data Path Delay:        10.382ns  (logic 4.160ns (40.065%)  route 6.222ns (59.935%))
  Logic Levels:           2  (LUT3=1 OBUF=1)
  Clock Uncertainty:      0.025ns  ((TSJ^2 + TIJ^2)^1/2 + DJ) / 2 + PE
    Total System Jitter     (TSJ):    0.050ns
    Total Input Jitter      (TIJ):    0.000ns
    Discrete Jitter          (DJ):    0.000ns
    Phase Error              (PE):    0.000ns

    Location             Delay type                Incr(ns)  Path(ns)    Netlist Resource(s)
  -------------------------------------------------------------------    -------------------
                         (clock sys_clk_pin rise edge)
                                                      0.000     0.000 r  
    E3                                                0.000     0.000 r  clk_100MHz (IN)
                         net (fo=0)                   0.000     0.000    clk_100MHz
    E3                   IBUF (Prop_ibuf_I_O)         1.482     1.482 r  clk_100MHz_IBUF_inst/O
                         net (fo=1, routed)           2.025     3.506    clk_100MHz_IBUF
    BUFGCTRL_X0Y16       BUFG (Prop_bufg_I_O)         0.096     3.602 r  clk_100MHz_IBUF_BUFG_inst/O
                         net (fo=98, routed)          1.720     5.323    disp/clk_100MHz_IBUF_BUFG
    SLICE_X2Y63          FDRE                                         r  disp/scan_reg[15]/C
  -------------------------------------------------------------------    -------------------
    SLICE_X2Y63          FDRE (Prop_fdre_C_Q)         0.518     5.841 f  disp/scan_reg[15]/Q
                         net (fo=16, routed)          0.846     6.686    disp/sel[1]
    SLICE_X2Y65          LUT3 (Prop_lut3_I0_O)        0.124     6.810 r  disp/an_OBUF[6]_inst_i_1/O
                         net (fo=1, routed)           5.377    12.187    an_OBUF[6]
    K2                   OBUF (Prop_obuf_I_O)         3.518    15.705 r  an_OBUF[6]_inst/O
                         net (fo=0)                   0.000    15.705    an[6]
    K2                                                                r  an[6] (OUT)
  -------------------------------------------------------------------    -------------------

Slack:                    inf
  Source:                 disp/scan_reg[14]/C
                            (rising edge-triggered cell FDRE clocked by sys_clk_pin  {rise@0.000ns fall@5.000ns period=10.000ns})
  Destination:            an[0]
                            (output port)
  Path Group:             (none)
  Path Type:              Max at Slow Process Corner
  Data Path Delay:        8.518ns  (logic 4.414ns (51.816%)  route 4.104ns (48.184%))
  Logic Levels:           2  (LUT3=1 OBUF=1)
  Clock Uncertainty:      0.025ns  ((TSJ^2 + TIJ^2)^1/2 + DJ) / 2 + PE
    Total System Jitter     (TSJ):    0.050ns
    Total Input Jitter      (TIJ):    0.000ns
    Discrete Jitter          (DJ):    0.000ns
    Phase Error              (PE):    0.000ns

    Location             Delay type                Incr(ns)  Path(ns)    Netlist Resource(s)
  -------------------------------------------------------------------    -------------------
                         (clock sys_clk_pin rise edge)
                                                      0.000     0.000 r  
    E3                                                0.000     0.000 r  clk_100MHz (IN)
                         net (fo=0)                   0.000     0.000    clk_100MHz
    E3                   IBUF (Prop_ibuf_I_O)         1.482     1.482 r  clk_100MHz_IBUF_inst/O
                         net (fo=1, routed)           2.025     3.506    clk_100MHz_IBUF
    BUFGCTRL_X0Y16       BUFG (Prop_bufg_I_O)         0.096     3.602 r  clk_100MHz_IBUF_BUFG_inst/O
                         net (fo=98, routed)          1.720     5.323    disp/clk_100MHz_IBUF_BUFG
    SLICE_X2Y63          FDRE                                         r  disp/scan_reg[14]/C
  -------------------------------------------------------------------    -------------------
    SLICE_X2Y63          FDRE (Prop_fdre_C_Q)         0.518     5.841 r  disp/scan_reg[14]/Q
                         net (fo=16, routed)          0.994     6.834    disp/sel[0]
    SLICE_X0Y65          LUT3 (Prop_lut3_I1_O)        0.152     6.986 r  disp/an_OBUF[0]_inst_i_1/O
                         net (fo=1, routed)           3.111    10.097    an_OBUF[0]
    J17                  OBUF (Prop_obuf_I_O)         3.744    13.840 r  an_OBUF[0]_inst/O
                         net (fo=0)                   0.000    13.840    an[0]
    J17                                                               r  an[0] (OUT)
  -------------------------------------------------------------------    -------------------

Slack:                    inf
  Source:                 fsm/FSM_sequential_curr_reg[0]/C
                            (rising edge-triggered cell FDCE clocked by sys_clk_pin  {rise@0.000ns fall@5.000ns period=10.000ns})
  Destination:            led_batas
                            (output port)
  Path Group:             (none)
  Path Type:              Max at Slow Process Corner
  Data Path Delay:        8.473ns  (logic 4.100ns (48.392%)  route 4.373ns (51.608%))
  Logic Levels:           2  (LUT2=1 OBUF=1)
  Clock Uncertainty:      0.025ns  ((TSJ^2 + TIJ^2)^1/2 + DJ) / 2 + PE
    Total System Jitter     (TSJ):    0.050ns
    Total Input Jitter      (TIJ):    0.000ns
    Discrete Jitter          (DJ):    0.000ns
    Phase Error              (PE):    0.000ns

    Location             Delay type                Incr(ns)  Path(ns)    Netlist Resource(s)
  -------------------------------------------------------------------    -------------------
                         (clock sys_clk_pin rise edge)
                                                      0.000     0.000 r  
    E3                                                0.000     0.000 r  clk_100MHz (IN)
                         net (fo=0)                   0.000     0.000    clk_100MHz
    E3                   IBUF (Prop_ibuf_I_O)         1.482     1.482 r  clk_100MHz_IBUF_inst/O
                         net (fo=1, routed)           2.025     3.506    clk_100MHz_IBUF
    BUFGCTRL_X0Y16       BUFG (Prop_bufg_I_O)         0.096     3.602 r  clk_100MHz_IBUF_BUFG_inst/O
                         net (fo=98, routed)          1.721     5.324    fsm/clk_100MHz_IBUF_BUFG
    SLICE_X0Y62          FDCE                                         r  fsm/FSM_sequential_curr_reg[0]/C
  -------------------------------------------------------------------    -------------------
    SLICE_X0Y62          FDCE (Prop_fdce_C_Q)         0.456     5.780 r  fsm/FSM_sequential_curr_reg[0]/Q
                         net (fo=7, routed)           0.869     6.649    fsm/current_queue[0]
    SLICE_X0Y63          LUT2 (Prop_lut2_I1_O)        0.124     6.773 r  fsm/led_batas_OBUF_inst_i_1/O
                         net (fo=1, routed)           3.504    10.277    led_batas_OBUF
    H17                  OBUF (Prop_obuf_I_O)         3.520    13.797 r  led_batas_OBUF_inst/O
                         net (fo=0)                   0.000    13.797    led_batas
    H17                                                               r  led_batas (OUT)
  -------------------------------------------------------------------    -------------------

Slack:                    inf
  Source:                 disp/scan_reg[16]/C
                            (rising edge-triggered cell FDRE clocked by sys_clk_pin  {rise@0.000ns fall@5.000ns period=10.000ns})
  Destination:            seg[3]
                            (output port)
  Path Group:             (none)
  Path Type:              Max at Slow Process Corner
  Data Path Delay:        8.365ns  (logic 4.192ns (50.119%)  route 4.172ns (49.881%))
  Logic Levels:           2  (LUT6=1 OBUF=1)
  Clock Uncertainty:      0.025ns  ((TSJ^2 + TIJ^2)^1/2 + DJ) / 2 + PE
    Total System Jitter     (TSJ):    0.050ns
    Total Input Jitter      (TIJ):    0.000ns
    Discrete Jitter          (DJ):    0.000ns
    Phase Error              (PE):    0.000ns

    Location             Delay type                Incr(ns)  Path(ns)    Netlist Resource(s)
  -------------------------------------------------------------------    -------------------
                         (clock sys_clk_pin rise edge)
                                                      0.000     0.000 r  
    E3                                                0.000     0.000 r  clk_100MHz (IN)
                         net (fo=0)                   0.000     0.000    clk_100MHz
    E3                   IBUF (Prop_ibuf_I_O)         1.482     1.482 r  clk_100MHz_IBUF_inst/O
                         net (fo=1, routed)           2.025     3.506    clk_100MHz_IBUF
    BUFGCTRL_X0Y16       BUFG (Prop_bufg_I_O)         0.096     3.602 r  clk_100MHz_IBUF_BUFG_inst/O
                         net (fo=98, routed)          1.720     5.323    disp/clk_100MHz_IBUF_BUFG
    SLICE_X2Y64          FDRE                                         r  disp/scan_reg[16]/C
  -------------------------------------------------------------------    -------------------
    SLICE_X2Y64          FDRE (Prop_fdre_C_Q)         0.518     5.841 r  disp/scan_reg[16]/Q
                         net (fo=16, routed)          0.851     6.692    disp/sel[2]
    SLICE_X0Y63          LUT6 (Prop_lut6_I1_O)        0.124     6.816 r  disp/seg_OBUF[3]_inst_i_1/O
                         net (fo=1, routed)           3.321    10.137    seg_OBUF[3]
    K13                  OBUF (Prop_obuf_I_O)         3.550    13.687 r  seg_OBUF[3]_inst/O
                         net (fo=0)                   0.000    13.687    seg[3]
    K13                                                               r  seg[3] (OUT)
  -------------------------------------------------------------------    -------------------

Slack:                    inf
  Source:                 disp/scan_reg[15]/C
                            (rising edge-triggered cell FDRE clocked by sys_clk_pin  {rise@0.000ns fall@5.000ns period=10.000ns})
  Destination:            an[3]
                            (output port)
  Path Group:             (none)
  Path Type:              Max at Slow Process Corner
  Data Path Delay:        8.107ns  (logic 4.194ns (51.733%)  route 3.913ns (48.267%))
  Logic Levels:           2  (LUT3=1 OBUF=1)
  Clock Uncertainty:      0.025ns  ((TSJ^2 + TIJ^2)^1/2 + DJ) / 2 + PE
    Total System Jitter     (TSJ):    0.050ns
    Total Input Jitter      (TIJ):    0.000ns
    Discrete Jitter          (DJ):    0.000ns
    Phase Error              (PE):    0.000ns

    Location             Delay type                Incr(ns)  Path(ns)    Netlist Resource(s)
  -------------------------------------------------------------------    -------------------
                         (clock sys_clk_pin rise edge)
                                                      0.000     0.000 r  
    E3                                                0.000     0.000 r  clk_100MHz (IN)
                         net (fo=0)                   0.000     0.000    clk_100MHz
    E3                   IBUF (Prop_ibuf_I_O)         1.482     1.482 r  clk_100MHz_IBUF_inst/O
                         net (fo=1, routed)           2.025     3.506    clk_100MHz_IBUF
    BUFGCTRL_X0Y16       BUFG (Prop_bufg_I_O)         0.096     3.602 r  clk_100MHz_IBUF_BUFG_inst/O
                         net (fo=98, routed)          1.720     5.323    disp/clk_100MHz_IBUF_BUFG
    SLICE_X2Y63          FDRE                                         r  disp/scan_reg[15]/C
  -------------------------------------------------------------------    -------------------
    SLICE_X2Y63          FDRE (Prop_fdre_C_Q)         0.518     5.841 f  disp/scan_reg[15]/Q
                         net (fo=16, routed)          1.124     6.965    disp/sel[1]
    SLICE_X0Y65          LUT3 (Prop_lut3_I2_O)        0.124     7.089 r  disp/an_OBUF[3]_inst_i_1/O
                         net (fo=1, routed)           2.789     9.878    an_OBUF[3]
    J14                  OBUF (Prop_obuf_I_O)         3.552    13.430 r  an_OBUF[3]_inst/O
                         net (fo=0)                   0.000    13.430    an[3]
    J14                                                               r  an[3] (OUT)
  -------------------------------------------------------------------    -------------------

Slack:                    inf
  Source:                 disp/scan_reg[14]/C
                            (rising edge-triggered cell FDRE clocked by sys_clk_pin  {rise@0.000ns fall@5.000ns period=10.000ns})
  Destination:            seg[2]
                            (output port)
  Path Group:             (none)
  Path Type:              Max at Slow Process Corner
  Data Path Delay:        8.039ns  (logic 4.135ns (51.439%)  route 3.904ns (48.561%))
  Logic Levels:           2  (LUT3=1 OBUF=1)
  Clock Uncertainty:      0.025ns  ((TSJ^2 + TIJ^2)^1/2 + DJ) / 2 + PE
    Total System Jitter     (TSJ):    0.050ns
    Total Input Jitter      (TIJ):    0.000ns
    Discrete Jitter          (DJ):    0.000ns
    Phase Error              (PE):    0.000ns

    Location             Delay type                Incr(ns)  Path(ns)    Netlist Resource(s)
  -------------------------------------------------------------------    -------------------
                         (clock sys_clk_pin rise edge)
                                                      0.000     0.000 r  
    E3                                                0.000     0.000 r  clk_100MHz (IN)
                         net (fo=0)                   0.000     0.000    clk_100MHz
    E3                   IBUF (Prop_ibuf_I_O)         1.482     1.482 r  clk_100MHz_IBUF_inst/O
                         net (fo=1, routed)           2.025     3.506    clk_100MHz_IBUF
    BUFGCTRL_X0Y16       BUFG (Prop_bufg_I_O)         0.096     3.602 r  clk_100MHz_IBUF_BUFG_inst/O
                         net (fo=98, routed)          1.720     5.323    disp/clk_100MHz_IBUF_BUFG
    SLICE_X2Y63          FDRE                                         r  disp/scan_reg[14]/C
  -------------------------------------------------------------------    -------------------
    SLICE_X2Y63          FDRE (Prop_fdre_C_Q)         0.518     5.841 f  disp/scan_reg[14]/Q
                         net (fo=16, routed)          0.990     6.831    disp/sel[0]
    SLICE_X0Y65          LUT3 (Prop_lut3_I2_O)        0.124     6.955 r  disp/seg_OBUF[2]_inst_i_1/O
                         net (fo=1, routed)           2.914     9.868    seg_OBUF[2]
    K16                  OBUF (Prop_obuf_I_O)         3.493    13.361 r  seg_OBUF[2]_inst/O
                         net (fo=0)                   0.000    13.361    seg[2]
    K16                                                               r  seg[2] (OUT)
  -------------------------------------------------------------------    -------------------

Slack:                    inf
  Source:                 disp/scan_reg[14]/C
                            (rising edge-triggered cell FDRE clocked by sys_clk_pin  {rise@0.000ns fall@5.000ns period=10.000ns})
  Destination:            seg[6]
                            (output port)
  Path Group:             (none)
  Path Type:              Max at Slow Process Corner
  Data Path Delay:        7.845ns  (logic 4.412ns (56.246%)  route 3.432ns (43.754%))
  Logic Levels:           2  (LUT3=1 OBUF=1)
  Clock Uncertainty:      0.025ns  ((TSJ^2 + TIJ^2)^1/2 + DJ) / 2 + PE
    Total System Jitter     (TSJ):    0.050ns
    Total Input Jitter      (TIJ):    0.000ns
    Discrete Jitter          (DJ):    0.000ns
    Phase Error              (PE):    0.000ns

    Location             Delay type                Incr(ns)  Path(ns)    Netlist Resource(s)
  -------------------------------------------------------------------    -------------------
                         (clock sys_clk_pin rise edge)
                                                      0.000     0.000 r  
    E3                                                0.000     0.000 r  clk_100MHz (IN)
                         net (fo=0)                   0.000     0.000    clk_100MHz
    E3                   IBUF (Prop_ibuf_I_O)         1.482     1.482 r  clk_100MHz_IBUF_inst/O
                         net (fo=1, routed)           2.025     3.506    clk_100MHz_IBUF
    BUFGCTRL_X0Y16       BUFG (Prop_bufg_I_O)         0.096     3.602 r  clk_100MHz_IBUF_BUFG_inst/O
                         net (fo=98, routed)          1.720     5.323    disp/clk_100MHz_IBUF_BUFG
    SLICE_X2Y63          FDRE                                         r  disp/scan_reg[14]/C
  -------------------------------------------------------------------    -------------------
    SLICE_X2Y63          FDRE (Prop_fdre_C_Q)         0.518     5.841 f  disp/scan_reg[14]/Q
                         net (fo=16, routed)          0.990     6.831    disp/sel[0]
    SLICE_X0Y65          LUT3 (Prop_lut3_I0_O)        0.154     6.985 r  disp/seg_OBUF[6]_inst_i_1/O
                         net (fo=1, routed)           2.442     9.427    seg_OBUF[6]
    L18                  OBUF (Prop_obuf_I_O)         3.740    13.167 r  seg_OBUF[6]_inst/O
                         net (fo=0)                   0.000    13.167    seg[6]
    L18                                                               r  seg[6] (OUT)
  -------------------------------------------------------------------    -------------------

Slack:                    inf
  Source:                 disp/scan_reg[15]/C
                            (rising edge-triggered cell FDRE clocked by sys_clk_pin  {rise@0.000ns fall@5.000ns period=10.000ns})
  Destination:            an[4]
                            (output port)
  Path Group:             (none)
  Path Type:              Max at Slow Process Corner
  Data Path Delay:        7.838ns  (logic 4.422ns (56.420%)  route 3.416ns (43.580%))
  Logic Levels:           2  (LUT3=1 OBUF=1)
  Clock Uncertainty:      0.025ns  ((TSJ^2 + TIJ^2)^1/2 + DJ) / 2 + PE
    Total System Jitter     (TSJ):    0.050ns
    Total Input Jitter      (TIJ):    0.000ns
    Discrete Jitter          (DJ):    0.000ns
    Phase Error              (PE):    0.000ns

    Location             Delay type                Incr(ns)  Path(ns)    Netlist Resource(s)
  -------------------------------------------------------------------    -------------------
                         (clock sys_clk_pin rise edge)
                                                      0.000     0.000 r  
    E3                                                0.000     0.000 r  clk_100MHz (IN)
                         net (fo=0)                   0.000     0.000    clk_100MHz
    E3                   IBUF (Prop_ibuf_I_O)         1.482     1.482 r  clk_100MHz_IBUF_inst/O
                         net (fo=1, routed)           2.025     3.506    clk_100MHz_IBUF
    BUFGCTRL_X0Y16       BUFG (Prop_bufg_I_O)         0.096     3.602 r  clk_100MHz_IBUF_BUFG_inst/O
                         net (fo=98, routed)          1.720     5.323    disp/clk_100MHz_IBUF_BUFG
    SLICE_X2Y63          FDRE                                         r  disp/scan_reg[15]/C
  -------------------------------------------------------------------    -------------------
    SLICE_X2Y63          FDRE (Prop_fdre_C_Q)         0.518     5.841 r  disp/scan_reg[15]/Q
                         net (fo=16, routed)          1.124     6.965    disp/sel[1]
    SLICE_X0Y65          LUT3 (Prop_lut3_I2_O)        0.152     7.117 r  disp/an_OBUF[4]_inst_i_1/O
                         net (fo=1, routed)           2.291     9.408    an_OBUF[4]
    P14                  OBUF (Prop_obuf_I_O)         3.752    13.160 r  an_OBUF[4]_inst/O
                         net (fo=0)                   0.000    13.160    an[4]
    P14                                                               r  an[4] (OUT)
  -------------------------------------------------------------------    -------------------

Slack:                    inf
  Source:                 disp/scan_reg[16]/C
                            (rising edge-triggered cell FDRE clocked by sys_clk_pin  {rise@0.000ns fall@5.000ns period=10.000ns})
  Destination:            an[1]
                            (output port)
  Path Group:             (none)
  Path Type:              Max at Slow Process Corner
  Data Path Delay:        7.720ns  (logic 4.178ns (54.117%)  route 3.542ns (45.883%))
  Logic Levels:           2  (LUT3=1 OBUF=1)
  Clock Uncertainty:      0.025ns  ((TSJ^2 + TIJ^2)^1/2 + DJ) / 2 + PE
    Total System Jitter     (TSJ):    0.050ns
    Total Input Jitter      (TIJ):    0.000ns
    Discrete Jitter          (DJ):    0.000ns
    Phase Error              (PE):    0.000ns

    Location             Delay type                Incr(ns)  Path(ns)    Netlist Resource(s)
  -------------------------------------------------------------------    -------------------
                         (clock sys_clk_pin rise edge)
                                                      0.000     0.000 r  
    E3                                                0.000     0.000 r  clk_100MHz (IN)
                         net (fo=0)                   0.000     0.000    clk_100MHz
    E3                   IBUF (Prop_ibuf_I_O)         1.482     1.482 r  clk_100MHz_IBUF_inst/O
                         net (fo=1, routed)           2.025     3.506    clk_100MHz_IBUF
    BUFGCTRL_X0Y16       BUFG (Prop_bufg_I_O)         0.096     3.602 r  clk_100MHz_IBUF_BUFG_inst/O
                         net (fo=98, routed)          1.720     5.323    disp/clk_100MHz_IBUF_BUFG
    SLICE_X2Y64          FDRE                                         r  disp/scan_reg[16]/C
  -------------------------------------------------------------------    -------------------
    SLICE_X2Y64          FDRE (Prop_fdre_C_Q)         0.518     5.841 r  disp/scan_reg[16]/Q
                         net (fo=16, routed)          0.858     6.699    disp/sel[2]
    SLICE_X0Y63          LUT3 (Prop_lut3_I0_O)        0.124     6.823 r  disp/an_OBUF[1]_inst_i_1/O
                         net (fo=1, routed)           2.684     9.507    an_OBUF[1]
    J18                  OBUF (Prop_obuf_I_O)         3.536    13.042 r  an_OBUF[1]_inst/O
                         net (fo=0)                   0.000    13.042    an[1]
    J18                                                               r  an[1] (OUT)
  -------------------------------------------------------------------    -------------------

Slack:                    inf
  Source:                 disp/scan_reg[15]/C
                            (rising edge-triggered cell FDRE clocked by sys_clk_pin  {rise@0.000ns fall@5.000ns period=10.000ns})
  Destination:            seg[1]
                            (output port)
  Path Group:             (none)
  Path Type:              Max at Slow Process Corner
  Data Path Delay:        7.661ns  (logic 4.427ns (57.794%)  route 3.233ns (42.206%))
  Logic Levels:           2  (LUT3=1 OBUF=1)
  Clock Uncertainty:      0.025ns  ((TSJ^2 + TIJ^2)^1/2 + DJ) / 2 + PE
    Total System Jitter     (TSJ):    0.050ns
    Total Input Jitter      (TIJ):    0.000ns
    Discrete Jitter          (DJ):    0.000ns
    Phase Error              (PE):    0.000ns

    Location             Delay type                Incr(ns)  Path(ns)    Netlist Resource(s)
  -------------------------------------------------------------------    -------------------
                         (clock sys_clk_pin rise edge)
                                                      0.000     0.000 r  
    E3                                                0.000     0.000 r  clk_100MHz (IN)
                         net (fo=0)                   0.000     0.000    clk_100MHz
    E3                   IBUF (Prop_ibuf_I_O)         1.482     1.482 r  clk_100MHz_IBUF_inst/O
                         net (fo=1, routed)           2.025     3.506    clk_100MHz_IBUF
    BUFGCTRL_X0Y16       BUFG (Prop_bufg_I_O)         0.096     3.602 r  clk_100MHz_IBUF_BUFG_inst/O
                         net (fo=98, routed)          1.720     5.323    disp/clk_100MHz_IBUF_BUFG
    SLICE_X2Y63          FDRE                                         r  disp/scan_reg[15]/C
  -------------------------------------------------------------------    -------------------
    SLICE_X2Y63          FDRE (Prop_fdre_C_Q)         0.518     5.841 r  disp/scan_reg[15]/Q
                         net (fo=16, routed)          1.157     6.997    disp/sel[1]
    SLICE_X0Y61          LUT3 (Prop_lut3_I2_O)        0.152     7.149 r  disp/seg_OBUF[1]_inst_i_1/O
                         net (fo=1, routed)           2.077     9.226    seg_OBUF[1]
    R10                  OBUF (Prop_obuf_I_O)         3.757    12.983 r  seg_OBUF[1]_inst/O
                         net (fo=0)                   0.000    12.983    seg[1]
    R10                                                               r  seg[1] (OUT)
  -------------------------------------------------------------------    -------------------





Min Delay Paths
--------------------------------------------------------------------------------------
Slack:                    inf
  Source:                 tmr/led_hb_reg/C
                            (rising edge-triggered cell FDCE clocked by sys_clk_pin  {rise@0.000ns fall@5.000ns period=10.000ns})
  Destination:            led_hb
                            (output port)
  Path Group:             (none)
  Path Type:              Min at Fast Process Corner
  Data Path Delay:        1.708ns  (logic 1.410ns (82.595%)  route 0.297ns (17.405%))
  Logic Levels:           1  (OBUF=1)
  Clock Uncertainty:      0.025ns  ((TSJ^2 + TIJ^2)^1/2 + DJ) / 2 + PE
    Total System Jitter     (TSJ):    0.050ns
    Total Input Jitter      (TIJ):    0.000ns
    Discrete Jitter          (DJ):    0.000ns
    Phase Error              (PE):    0.000ns

    Location             Delay type                Incr(ns)  Path(ns)    Netlist Resource(s)
  -------------------------------------------------------------------    -------------------
                         (clock sys_clk_pin rise edge)
                                                      0.000     0.000 r  
    E3                                                0.000     0.000 r  clk_100MHz (IN)
                         net (fo=0)                   0.000     0.000    clk_100MHz
    E3                   IBUF (Prop_ibuf_I_O)         0.250     0.250 r  clk_100MHz_IBUF_inst/O
                         net (fo=1, routed)           0.644     0.894    clk_100MHz_IBUF
    BUFGCTRL_X0Y16       BUFG (Prop_bufg_I_O)         0.026     0.920 r  clk_100MHz_IBUF_BUFG_inst/O
                         net (fo=98, routed)          0.603     1.522    tmr/clk_100MHz_IBUF_BUFG
    SLICE_X0Y57          FDCE                                         r  tmr/led_hb_reg/C
  -------------------------------------------------------------------    -------------------
    SLICE_X0Y57          FDCE (Prop_fdce_C_Q)         0.141     1.663 r  tmr/led_hb_reg/Q
                         net (fo=2, routed)           0.297     1.961    led_hb_OBUF
    V11                  OBUF (Prop_obuf_I_O)         1.269     3.230 r  led_hb_OBUF_inst/O
                         net (fo=0)                   0.000     3.230    led_hb
    V11                                                               r  led_hb (OUT)
  -------------------------------------------------------------------    -------------------

Slack:                    inf
  Source:                 fsm/FSM_sequential_curr_reg[1]/C
                            (rising edge-triggered cell FDCE clocked by sys_clk_pin  {rise@0.000ns fall@5.000ns period=10.000ns})
  Destination:            seg[5]
                            (output port)
  Path Group:             (none)
  Path Type:              Min at Fast Process Corner
  Data Path Delay:        1.924ns  (logic 1.447ns (75.242%)  route 0.476ns (24.758%))
  Logic Levels:           2  (LUT6=1 OBUF=1)
  Clock Uncertainty:      0.025ns  ((TSJ^2 + TIJ^2)^1/2 + DJ) / 2 + PE
    Total System Jitter     (TSJ):    0.050ns
    Total Input Jitter      (TIJ):    0.000ns
    Discrete Jitter          (DJ):    0.000ns
    Phase Error              (PE):    0.000ns

    Location             Delay type                Incr(ns)  Path(ns)    Netlist Resource(s)
  -------------------------------------------------------------------    -------------------
                         (clock sys_clk_pin rise edge)
                                                      0.000     0.000 r  
    E3                                                0.000     0.000 r  clk_100MHz (IN)
                         net (fo=0)                   0.000     0.000    clk_100MHz
    E3                   IBUF (Prop_ibuf_I_O)         0.250     0.250 r  clk_100MHz_IBUF_inst/O
                         net (fo=1, routed)           0.644     0.894    clk_100MHz_IBUF
    BUFGCTRL_X0Y16       BUFG (Prop_bufg_I_O)         0.026     0.920 r  clk_100MHz_IBUF_BUFG_inst/O
                         net (fo=98, routed)          0.601     1.520    fsm/clk_100MHz_IBUF_BUFG
    SLICE_X0Y62          FDCE                                         r  fsm/FSM_sequential_curr_reg[1]/C
  -------------------------------------------------------------------    -------------------
    SLICE_X0Y62          FDCE (Prop_fdce_C_Q)         0.141     1.661 r  fsm/FSM_sequential_curr_reg[1]/Q
                         net (fo=6, routed)           0.148     1.809    disp/current_queue[1]
    SLICE_X0Y61          LUT6 (Prop_lut6_I4_O)        0.045     1.854 r  disp/seg_OBUF[5]_inst_i_1/O
                         net (fo=1, routed)           0.329     2.183    seg_OBUF[5]
    T11                  OBUF (Prop_obuf_I_O)         1.261     3.444 r  seg_OBUF[5]_inst/O
                         net (fo=0)                   0.000     3.444    seg[5]
    T11                                                               r  seg[5] (OUT)
  -------------------------------------------------------------------    -------------------

Slack:                    inf
  Source:                 disp/scan_reg[14]/C
                            (rising edge-triggered cell FDRE clocked by sys_clk_pin  {rise@0.000ns fall@5.000ns period=10.000ns})
  Destination:            seg[4]
                            (output port)
  Path Group:             (none)
  Path Type:              Min at Fast Process Corner
  Data Path Delay:        2.040ns  (logic 1.443ns (70.766%)  route 0.596ns (29.234%))
  Logic Levels:           2  (LUT6=1 OBUF=1)
  Clock Uncertainty:      0.025ns  ((TSJ^2 + TIJ^2)^1/2 + DJ) / 2 + PE
    Total System Jitter     (TSJ):    0.050ns
    Total Input Jitter      (TIJ):    0.000ns
    Discrete Jitter          (DJ):    0.000ns
    Phase Error              (PE):    0.000ns

    Location             Delay type                Incr(ns)  Path(ns)    Netlist Resource(s)
  -------------------------------------------------------------------    -------------------
                         (clock sys_clk_pin rise edge)
                                                      0.000     0.000 r  
    E3                                                0.000     0.000 r  clk_100MHz (IN)
                         net (fo=0)                   0.000     0.000    clk_100MHz
    E3                   IBUF (Prop_ibuf_I_O)         0.250     0.250 r  clk_100MHz_IBUF_inst/O
                         net (fo=1, routed)           0.644     0.894    clk_100MHz_IBUF
    BUFGCTRL_X0Y16       BUFG (Prop_bufg_I_O)         0.026     0.920 r  clk_100MHz_IBUF_BUFG_inst/O
                         net (fo=98, routed)          0.600     1.519    disp/clk_100MHz_IBUF_BUFG
    SLICE_X2Y63          FDRE                                         r  disp/scan_reg[14]/C
  -------------------------------------------------------------------    -------------------
    SLICE_X2Y63          FDRE (Prop_fdre_C_Q)         0.164     1.683 r  disp/scan_reg[14]/Q
                         net (fo=16, routed)          0.153     1.837    disp/sel[0]
    SLICE_X0Y63          LUT6 (Prop_lut6_I4_O)        0.045     1.882 r  disp/seg_OBUF[4]_inst_i_1/O
                         net (fo=1, routed)           0.443     2.325    seg_OBUF[4]
    P15                  OBUF (Prop_obuf_I_O)         1.234     3.559 r  seg_OBUF[4]_inst/O
                         net (fo=0)                   0.000     3.559    seg[4]
    P15                                                               r  seg[4] (OUT)
  -------------------------------------------------------------------    -------------------

Slack:                    inf
  Source:                 fsm/FSM_sequential_curr_reg[1]/C
                            (rising edge-triggered cell FDCE clocked by sys_clk_pin  {rise@0.000ns fall@5.000ns period=10.000ns})
  Destination:            seg[0]
                            (output port)
  Path Group:             (none)
  Path Type:              Min at Fast Process Corner
  Data Path Delay:        2.052ns  (logic 1.463ns (71.318%)  route 0.589ns (28.682%))
  Logic Levels:           2  (LUT6=1 OBUF=1)
  Clock Uncertainty:      0.025ns  ((TSJ^2 + TIJ^2)^1/2 + DJ) / 2 + PE
    Total System Jitter     (TSJ):    0.050ns
    Total Input Jitter      (TIJ):    0.000ns
    Discrete Jitter          (DJ):    0.000ns
    Phase Error              (PE):    0.000ns

    Location             Delay type                Incr(ns)  Path(ns)    Netlist Resource(s)
  -------------------------------------------------------------------    -------------------
                         (clock sys_clk_pin rise edge)
                                                      0.000     0.000 r  
    E3                                                0.000     0.000 r  clk_100MHz (IN)
                         net (fo=0)                   0.000     0.000    clk_100MHz
    E3                   IBUF (Prop_ibuf_I_O)         0.250     0.250 r  clk_100MHz_IBUF_inst/O
                         net (fo=1, routed)           0.644     0.894    clk_100MHz_IBUF
    BUFGCTRL_X0Y16       BUFG (Prop_bufg_I_O)         0.026     0.920 r  clk_100MHz_IBUF_BUFG_inst/O
                         net (fo=98, routed)          0.601     1.520    fsm/clk_100MHz_IBUF_BUFG
    SLICE_X0Y62          FDCE                                         r  fsm/FSM_sequential_curr_reg[1]/C
  -------------------------------------------------------------------    -------------------
    SLICE_X0Y62          FDCE (Prop_fdce_C_Q)         0.141     1.661 r  fsm/FSM_sequential_curr_reg[1]/Q
                         net (fo=6, routed)           0.147     1.808    disp/current_queue[1]
    SLICE_X0Y61          LUT6 (Prop_lut6_I2_O)        0.045     1.853 r  disp/seg_OBUF[0]_inst_i_1/O
                         net (fo=1, routed)           0.442     2.295    seg_OBUF[0]
    T10                  OBUF (Prop_obuf_I_O)         1.277     3.572 r  seg_OBUF[0]_inst/O
                         net (fo=0)                   0.000     3.572    seg[0]
    T10                                                               r  seg[0] (OUT)
  -------------------------------------------------------------------    -------------------

Slack:                    inf
  Source:                 disp/scan_reg[15]/C
                            (rising edge-triggered cell FDRE clocked by sys_clk_pin  {rise@0.000ns fall@5.000ns period=10.000ns})
  Destination:            an[7]
                            (output port)
  Path Group:             (none)
  Path Type:              Min at Fast Process Corner
  Data Path Delay:        2.211ns  (logic 1.528ns (69.099%)  route 0.683ns (30.901%))
  Logic Levels:           2  (LUT3=1 OBUF=1)
  Clock Uncertainty:      0.025ns  ((TSJ^2 + TIJ^2)^1/2 + DJ) / 2 + PE
    Total System Jitter     (TSJ):    0.050ns
    Total Input Jitter      (TIJ):    0.000ns
    Discrete Jitter          (DJ):    0.000ns
    Phase Error              (PE):    0.000ns

    Location             Delay type                Incr(ns)  Path(ns)    Netlist Resource(s)
  -------------------------------------------------------------------    -------------------
                         (clock sys_clk_pin rise edge)
                                                      0.000     0.000 r  
    E3                                                0.000     0.000 r  clk_100MHz (IN)
                         net (fo=0)                   0.000     0.000    clk_100MHz
    E3                   IBUF (Prop_ibuf_I_O)         0.250     0.250 r  clk_100MHz_IBUF_inst/O
                         net (fo=1, routed)           0.644     0.894    clk_100MHz_IBUF
    BUFGCTRL_X0Y16       BUFG (Prop_bufg_I_O)         0.026     0.920 r  clk_100MHz_IBUF_BUFG_inst/O
                         net (fo=98, routed)          0.600     1.519    disp/clk_100MHz_IBUF_BUFG
    SLICE_X2Y63          FDRE                                         r  disp/scan_reg[15]/C
  -------------------------------------------------------------------    -------------------
    SLICE_X2Y63          FDRE (Prop_fdre_C_Q)         0.164     1.683 f  disp/scan_reg[15]/Q
                         net (fo=16, routed)          0.238     1.921    disp/sel[1]
    SLICE_X0Y63          LUT3 (Prop_lut3_I2_O)        0.048     1.969 r  disp/an_OBUF[7]_inst_i_1/O
                         net (fo=1, routed)           0.445     2.415    an_OBUF[7]
    U13                  OBUF (Prop_obuf_I_O)         1.316     3.731 r  an_OBUF[7]_inst/O
                         net (fo=0)                   0.000     3.731    an[7]
    U13                                                               r  an[7] (OUT)
  -------------------------------------------------------------------    -------------------

Slack:                    inf
  Source:                 disp/scan_reg[16]/C
                            (rising edge-triggered cell FDRE clocked by sys_clk_pin  {rise@0.000ns fall@5.000ns period=10.000ns})
  Destination:            an[5]
                            (output port)
  Path Group:             (none)
  Path Type:              Min at Fast Process Corner
  Data Path Delay:        2.229ns  (logic 1.461ns (65.548%)  route 0.768ns (34.452%))
  Logic Levels:           2  (LUT3=1 OBUF=1)
  Clock Uncertainty:      0.025ns  ((TSJ^2 + TIJ^2)^1/2 + DJ) / 2 + PE
    Total System Jitter     (TSJ):    0.050ns
    Total Input Jitter      (TIJ):    0.000ns
    Discrete Jitter          (DJ):    0.000ns
    Phase Error              (PE):    0.000ns

    Location             Delay type                Incr(ns)  Path(ns)    Netlist Resource(s)
  -------------------------------------------------------------------    -------------------
                         (clock sys_clk_pin rise edge)
                                                      0.000     0.000 r  
    E3                                                0.000     0.000 r  clk_100MHz (IN)
                         net (fo=0)                   0.000     0.000    clk_100MHz
    E3                   IBUF (Prop_ibuf_I_O)         0.250     0.250 r  clk_100MHz_IBUF_inst/O
                         net (fo=1, routed)           0.644     0.894    clk_100MHz_IBUF
    BUFGCTRL_X0Y16       BUFG (Prop_bufg_I_O)         0.026     0.920 r  clk_100MHz_IBUF_BUFG_inst/O
                         net (fo=98, routed)          0.600     1.519    disp/clk_100MHz_IBUF_BUFG
    SLICE_X2Y64          FDRE                                         r  disp/scan_reg[16]/C
  -------------------------------------------------------------------    -------------------
    SLICE_X2Y64          FDRE (Prop_fdre_C_Q)         0.164     1.683 f  disp/scan_reg[16]/Q
                         net (fo=16, routed)          0.354     2.037    disp/sel[2]
    SLICE_X0Y65          LUT3 (Prop_lut3_I2_O)        0.045     2.082 r  disp/an_OBUF[5]_inst_i_1/O
                         net (fo=1, routed)           0.414     2.496    an_OBUF[5]
    T14                  OBUF (Prop_obuf_I_O)         1.252     3.749 r  an_OBUF[5]_inst/O
                         net (fo=0)                   0.000     3.749    an[5]
    T14                                                               r  an[5] (OUT)
  -------------------------------------------------------------------    -------------------

Slack:                    inf
  Source:                 disp/scan_reg[14]/C
                            (rising edge-triggered cell FDRE clocked by sys_clk_pin  {rise@0.000ns fall@5.000ns period=10.000ns})
  Destination:            an[2]
                            (output port)
  Path Group:             (none)
  Path Type:              Min at Fast Process Corner
  Data Path Delay:        2.351ns  (logic 1.484ns (63.118%)  route 0.867ns (36.882%))
  Logic Levels:           2  (LUT3=1 OBUF=1)
  Clock Uncertainty:      0.025ns  ((TSJ^2 + TIJ^2)^1/2 + DJ) / 2 + PE
    Total System Jitter     (TSJ):    0.050ns
    Total Input Jitter      (TIJ):    0.000ns
    Discrete Jitter          (DJ):    0.000ns
    Phase Error              (PE):    0.000ns

    Location             Delay type                Incr(ns)  Path(ns)    Netlist Resource(s)
  -------------------------------------------------------------------    -------------------
                         (clock sys_clk_pin rise edge)
                                                      0.000     0.000 r  
    E3                                                0.000     0.000 r  clk_100MHz (IN)
                         net (fo=0)                   0.000     0.000    clk_100MHz
    E3                   IBUF (Prop_ibuf_I_O)         0.250     0.250 r  clk_100MHz_IBUF_inst/O
                         net (fo=1, routed)           0.644     0.894    clk_100MHz_IBUF
    BUFGCTRL_X0Y16       BUFG (Prop_bufg_I_O)         0.026     0.920 r  clk_100MHz_IBUF_BUFG_inst/O
                         net (fo=98, routed)          0.600     1.519    disp/clk_100MHz_IBUF_BUFG
    SLICE_X2Y63          FDRE                                         r  disp/scan_reg[14]/C
  -------------------------------------------------------------------    -------------------
    SLICE_X2Y63          FDRE (Prop_fdre_C_Q)         0.164     1.683 r  disp/scan_reg[14]/Q
                         net (fo=16, routed)          0.430     2.113    disp/sel[0]
    SLICE_X0Y61          LUT3 (Prop_lut3_I0_O)        0.045     2.158 r  disp/an_OBUF[2]_inst_i_1/O
                         net (fo=1, routed)           0.437     2.595    an_OBUF[2]
    T9                   OBUF (Prop_obuf_I_O)         1.275     3.870 r  an_OBUF[2]_inst/O
                         net (fo=0)                   0.000     3.870    an[2]
    T9                                                                r  an[2] (OUT)
  -------------------------------------------------------------------    -------------------

Slack:                    inf
  Source:                 disp/scan_reg[15]/C
                            (rising edge-triggered cell FDRE clocked by sys_clk_pin  {rise@0.000ns fall@5.000ns period=10.000ns})
  Destination:            seg[6]
                            (output port)
  Path Group:             (none)
  Path Type:              Min at Fast Process Corner
  Data Path Delay:        2.398ns  (logic 1.518ns (63.319%)  route 0.879ns (36.681%))
  Logic Levels:           2  (LUT3=1 OBUF=1)
  Clock Uncertainty:      0.025ns  ((TSJ^2 + TIJ^2)^1/2 + DJ) / 2 + PE
    Total System Jitter     (TSJ):    0.050ns
    Total Input Jitter      (TIJ):    0.000ns
    Discrete Jitter          (DJ):    0.000ns
    Phase Error              (PE):    0.000ns

    Location             Delay type                Incr(ns)  Path(ns)    Netlist Resource(s)
  -------------------------------------------------------------------    -------------------
                         (clock sys_clk_pin rise edge)
                                                      0.000     0.000 r  
    E3                                                0.000     0.000 r  clk_100MHz (IN)
                         net (fo=0)                   0.000     0.000    clk_100MHz
    E3                   IBUF (Prop_ibuf_I_O)         0.250     0.250 r  clk_100MHz_IBUF_inst/O
                         net (fo=1, routed)           0.644     0.894    clk_100MHz_IBUF
    BUFGCTRL_X0Y16       BUFG (Prop_bufg_I_O)         0.026     0.920 r  clk_100MHz_IBUF_BUFG_inst/O
                         net (fo=98, routed)          0.600     1.519    disp/clk_100MHz_IBUF_BUFG
    SLICE_X2Y63          FDRE                                         r  disp/scan_reg[15]/C
  -------------------------------------------------------------------    -------------------
    SLICE_X2Y63          FDRE (Prop_fdre_C_Q)         0.164     1.683 r  disp/scan_reg[15]/Q
                         net (fo=16, routed)          0.235     1.918    disp/sel[1]
    SLICE_X0Y65          LUT3 (Prop_lut3_I2_O)        0.051     1.969 r  disp/seg_OBUF[6]_inst_i_1/O
                         net (fo=1, routed)           0.644     2.614    seg_OBUF[6]
    L18                  OBUF (Prop_obuf_I_O)         1.303     3.917 r  seg_OBUF[6]_inst/O
                         net (fo=0)                   0.000     3.917    seg[6]
    L18                                                               r  seg[6] (OUT)
  -------------------------------------------------------------------    -------------------

Slack:                    inf
  Source:                 disp/scan_reg[16]/C
                            (rising edge-triggered cell FDRE clocked by sys_clk_pin  {rise@0.000ns fall@5.000ns period=10.000ns})
  Destination:            an[4]
                            (output port)
  Path Group:             (none)
  Path Type:              Min at Fast Process Corner
  Data Path Delay:        2.417ns  (logic 1.523ns (62.995%)  route 0.894ns (37.005%))
  Logic Levels:           2  (LUT3=1 OBUF=1)
  Clock Uncertainty:      0.025ns  ((TSJ^2 + TIJ^2)^1/2 + DJ) / 2 + PE
    Total System Jitter     (TSJ):    0.050ns
    Total Input Jitter      (TIJ):    0.000ns
    Discrete Jitter          (DJ):    0.000ns
    Phase Error              (PE):    0.000ns

    Location             Delay type                Incr(ns)  Path(ns)    Netlist Resource(s)
  -------------------------------------------------------------------    -------------------
                         (clock sys_clk_pin rise edge)
                                                      0.000     0.000 r  
    E3                                                0.000     0.000 r  clk_100MHz (IN)
                         net (fo=0)                   0.000     0.000    clk_100MHz
    E3                   IBUF (Prop_ibuf_I_O)         0.250     0.250 r  clk_100MHz_IBUF_inst/O
                         net (fo=1, routed)           0.644     0.894    clk_100MHz_IBUF
    BUFGCTRL_X0Y16       BUFG (Prop_bufg_I_O)         0.026     0.920 r  clk_100MHz_IBUF_BUFG_inst/O
                         net (fo=98, routed)          0.600     1.519    disp/clk_100MHz_IBUF_BUFG
    SLICE_X2Y64          FDRE                                         r  disp/scan_reg[16]/C
  -------------------------------------------------------------------    -------------------
    SLICE_X2Y64          FDRE (Prop_fdre_C_Q)         0.164     1.683 f  disp/scan_reg[16]/Q
                         net (fo=16, routed)          0.277     1.961    disp/sel[2]
    SLICE_X0Y65          LUT3 (Prop_lut3_I0_O)        0.046     2.007 r  disp/an_OBUF[4]_inst_i_1/O
                         net (fo=1, routed)           0.617     2.624    an_OBUF[4]
    P14                  OBUF (Prop_obuf_I_O)         1.313     3.936 r  an_OBUF[4]_inst/O
                         net (fo=0)                   0.000     3.936    an[4]
    P14                                                               r  an[4] (OUT)
  -------------------------------------------------------------------    -------------------

Slack:                    inf
  Source:                 disp/scan_reg[15]/C
                            (rising edge-triggered cell FDRE clocked by sys_clk_pin  {rise@0.000ns fall@5.000ns period=10.000ns})
  Destination:            an[1]
                            (output port)
  Path Group:             (none)
  Path Type:              Min at Fast Process Corner
  Data Path Delay:        2.429ns  (logic 1.445ns (59.506%)  route 0.984ns (40.494%))
  Logic Levels:           2  (LUT3=1 OBUF=1)
  Clock Uncertainty:      0.025ns  ((TSJ^2 + TIJ^2)^1/2 + DJ) / 2 + PE
    Total System Jitter     (TSJ):    0.050ns
    Total Input Jitter      (TIJ):    0.000ns
    Discrete Jitter          (DJ):    0.000ns
    Phase Error              (PE):    0.000ns

    Location             Delay type                Incr(ns)  Path(ns)    Netlist Resource(s)
  -------------------------------------------------------------------    -------------------
                         (clock sys_clk_pin rise edge)
                                                      0.000     0.000 r  
    E3                                                0.000     0.000 r  clk_100MHz (IN)
                         net (fo=0)                   0.000     0.000    clk_100MHz
    E3                   IBUF (Prop_ibuf_I_O)         0.250     0.250 r  clk_100MHz_IBUF_inst/O
                         net (fo=1, routed)           0.644     0.894    clk_100MHz_IBUF
    BUFGCTRL_X0Y16       BUFG (Prop_bufg_I_O)         0.026     0.920 r  clk_100MHz_IBUF_BUFG_inst/O
                         net (fo=98, routed)          0.600     1.519    disp/clk_100MHz_IBUF_BUFG
    SLICE_X2Y63          FDRE                                         r  disp/scan_reg[15]/C
  -------------------------------------------------------------------    -------------------
    SLICE_X2Y63          FDRE (Prop_fdre_C_Q)         0.164     1.683 r  disp/scan_reg[15]/Q
                         net (fo=16, routed)          0.238     1.921    disp/sel[1]
    SLICE_X0Y63          LUT3 (Prop_lut3_I2_O)        0.045     1.966 r  disp/an_OBUF[1]_inst_i_1/O
                         net (fo=1, routed)           0.746     2.712    an_OBUF[1]
    J18                  OBUF (Prop_obuf_I_O)         1.236     3.948 r  an_OBUF[1]_inst/O
                         net (fo=0)                   0.000     3.948    an[1]
    J18                                                               r  an[1] (OUT)
  -------------------------------------------------------------------    -------------------





--------------------------------------------------------------------------------------
Path Group:  (none)
From Clock:  
  To Clock:  sys_clk_pin

Max Delay             4 Endpoints
Min Delay             4 Endpoints
--------------------------------------------------------------------------------------


Max Delay Paths
--------------------------------------------------------------------------------------
Slack:                    inf
  Source:                 sw0
                            (input port)
  Destination:            fsm/FSM_sequential_curr_reg[1]/D
                            (rising edge-triggered cell FDCE clocked by sys_clk_pin  {rise@0.000ns fall@5.000ns period=10.000ns})
  Path Group:             (none)
  Path Type:              Setup (Max at Slow Process Corner)
  Data Path Delay:        3.898ns  (logic 1.602ns (41.084%)  route 2.297ns (58.916%))
  Logic Levels:           2  (IBUF=1 LUT6=1)
  Clock Path Skew:        5.024ns (DCD - SCD + CPR)
    Destination Clock Delay (DCD):    5.024ns
    Source Clock Delay      (SCD):    0.000ns
    Clock Pessimism Removal (CPR):    0.000ns
  Clock Uncertainty:      0.025ns  ((TSJ^2 + TIJ^2)^1/2 + DJ) / 2 + PE
    Total System Jitter     (TSJ):    0.050ns
    Total Input Jitter      (TIJ):    0.000ns
    Discrete Jitter          (DJ):    0.000ns
    Phase Error              (PE):    0.000ns

    Location             Delay type                Incr(ns)  Path(ns)    Netlist Resource(s)
  -------------------------------------------------------------------    -------------------
    J15                                               0.000     0.000 r  sw0 (IN)
                         net (fo=0)                   0.000     0.000    sw0
    J15                  IBUF (Prop_ibuf_I_O)         1.478     1.478 r  sw0_IBUF_inst/O
                         net (fo=5, routed)           2.297     3.774    fsm/sw0_IBUF
    SLICE_X0Y62          LUT6 (Prop_lut6_I1_O)        0.124     3.898 r  fsm/FSM_sequential_curr[1]_i_1/O
                         net (fo=1, routed)           0.000     3.898    fsm/FSM_sequential_curr[1]_i_1_n_0
    SLICE_X0Y62          FDCE                                         r  fsm/FSM_sequential_curr_reg[1]/D
  -------------------------------------------------------------------    -------------------

                         (clock sys_clk_pin rise edge)
                                                      0.000     0.000 r  
    E3                                                0.000     0.000 r  clk_100MHz (IN)
                         net (fo=0)                   0.000     0.000    clk_100MHz
    E3                   IBUF (Prop_ibuf_I_O)         1.411     1.411 r  clk_100MHz_IBUF_inst/O
                         net (fo=1, routed)           1.920     3.331    clk_100MHz_IBUF
    BUFGCTRL_X0Y16       BUFG (Prop_bufg_I_O)         0.091     3.422 r  clk_100MHz_IBUF_BUFG_inst/O
                         net (fo=98, routed)          1.601     5.024    fsm/clk_100MHz_IBUF_BUFG
    SLICE_X0Y62          FDCE                                         r  fsm/FSM_sequential_curr_reg[1]/C

Slack:                    inf
  Source:                 sw1
                            (input port)
  Destination:            fsm/FSM_sequential_curr_reg[0]/D
                            (rising edge-triggered cell FDCE clocked by sys_clk_pin  {rise@0.000ns fall@5.000ns period=10.000ns})
  Path Group:             (none)
  Path Type:              Setup (Max at Slow Process Corner)
  Data Path Delay:        3.647ns  (logic 1.604ns (43.969%)  route 2.044ns (56.031%))
  Logic Levels:           2  (IBUF=1 LUT4=1)
  Clock Path Skew:        5.024ns (DCD - SCD + CPR)
    Destination Clock Delay (DCD):    5.024ns
    Source Clock Delay      (SCD):    0.000ns
    Clock Pessimism Removal (CPR):    0.000ns
  Clock Uncertainty:      0.025ns  ((TSJ^2 + TIJ^2)^1/2 + DJ) / 2 + PE
    Total System Jitter     (TSJ):    0.050ns
    Total Input Jitter      (TIJ):    0.000ns
    Discrete Jitter          (DJ):    0.000ns
    Phase Error              (PE):    0.000ns

    Location             Delay type                Incr(ns)  Path(ns)    Netlist Resource(s)
  -------------------------------------------------------------------    -------------------
    L16                                               0.000     0.000 r  sw1 (IN)
                         net (fo=0)                   0.000     0.000    sw1
    L16                  IBUF (Prop_ibuf_I_O)         1.480     1.480 r  sw1_IBUF_inst/O
                         net (fo=2, routed)           2.044     3.523    db_e/sw1_IBUF
    SLICE_X0Y62          LUT4 (Prop_lut4_I0_O)        0.124     3.647 r  db_e/FSM_sequential_curr[0]_i_1/O
                         net (fo=1, routed)           0.000     3.647    fsm/FSM_sequential_curr_reg[0]_0
    SLICE_X0Y62          FDCE                                         r  fsm/FSM_sequential_curr_reg[0]/D
  -------------------------------------------------------------------    -------------------

                         (clock sys_clk_pin rise edge)
                                                      0.000     0.000 r  
    E3                                                0.000     0.000 r  clk_100MHz (IN)
                         net (fo=0)                   0.000     0.000    clk_100MHz
    E3                   IBUF (Prop_ibuf_I_O)         1.411     1.411 r  clk_100MHz_IBUF_inst/O
                         net (fo=1, routed)           1.920     3.331    clk_100MHz_IBUF
    BUFGCTRL_X0Y16       BUFG (Prop_bufg_I_O)         0.091     3.422 r  clk_100MHz_IBUF_BUFG_inst/O
                         net (fo=98, routed)          1.601     5.024    fsm/clk_100MHz_IBUF_BUFG
    SLICE_X0Y62          FDCE                                         r  fsm/FSM_sequential_curr_reg[0]/C

Slack:                    inf
  Source:                 btnc
                            (input port)
  Destination:            db_e/btn_sync_0_reg/D
                            (rising edge-triggered cell FDRE clocked by sys_clk_pin  {rise@0.000ns fall@5.000ns period=10.000ns})
  Path Group:             (none)
  Path Type:              Setup (Max at Slow Process Corner)
  Data Path Delay:        3.015ns  (logic 1.477ns (48.970%)  route 1.539ns (51.030%))
  Logic Levels:           1  (IBUF=1)
  Clock Path Skew:        5.023ns (DCD - SCD + CPR)
    Destination Clock Delay (DCD):    5.023ns
    Source Clock Delay      (SCD):    0.000ns
    Clock Pessimism Removal (CPR):    0.000ns
  Clock Uncertainty:      0.025ns  ((TSJ^2 + TIJ^2)^1/2 + DJ) / 2 + PE
    Total System Jitter     (TSJ):    0.050ns
    Total Input Jitter      (TIJ):    0.000ns
    Discrete Jitter          (DJ):    0.000ns
    Phase Error              (PE):    0.000ns

    Location             Delay type                Incr(ns)  Path(ns)    Netlist Resource(s)
  -------------------------------------------------------------------    -------------------
    N17                                               0.000     0.000 r  btnc (IN)
                         net (fo=0)                   0.000     0.000    btnc
    N17                  IBUF (Prop_ibuf_I_O)         1.477     1.477 r  btnc_IBUF_inst/O
                         net (fo=1, routed)           1.539     3.015    db_e/btnc_IBUF
    SLICE_X1Y63          FDRE                                         r  db_e/btn_sync_0_reg/D
  -------------------------------------------------------------------    -------------------

                         (clock sys_clk_pin rise edge)
                                                      0.000     0.000 r  
    E3                                                0.000     0.000 r  clk_100MHz (IN)
                         net (fo=0)                   0.000     0.000    clk_100MHz
    E3                   IBUF (Prop_ibuf_I_O)         1.411     1.411 r  clk_100MHz_IBUF_inst/O
                         net (fo=1, routed)           1.920     3.331    clk_100MHz_IBUF
    BUFGCTRL_X0Y16       BUFG (Prop_bufg_I_O)         0.091     3.422 r  clk_100MHz_IBUF_BUFG_inst/O
                         net (fo=98, routed)          1.600     5.023    db_e/clk_100MHz_IBUF_BUFG
    SLICE_X1Y63          FDRE                                         r  db_e/btn_sync_0_reg/C

Slack:                    inf
  Source:                 btnd
                            (input port)
  Destination:            db_r/btn_sync_0_reg/D
                            (rising edge-triggered cell FDRE clocked by sys_clk_pin  {rise@0.000ns fall@5.000ns period=10.000ns})
  Path Group:             (none)
  Path Type:              Setup (Max at Slow Process Corner)
  Data Path Delay:        3.013ns  (logic 1.480ns (49.128%)  route 1.533ns (50.872%))
  Logic Levels:           1  (IBUF=1)
  Clock Path Skew:        5.021ns (DCD - SCD + CPR)
    Destination Clock Delay (DCD):    5.021ns
    Source Clock Delay      (SCD):    0.000ns
    Clock Pessimism Removal (CPR):    0.000ns
  Clock Uncertainty:      0.025ns  ((TSJ^2 + TIJ^2)^1/2 + DJ) / 2 + PE
    Total System Jitter     (TSJ):    0.050ns
    Total Input Jitter      (TIJ):    0.000ns
    Discrete Jitter          (DJ):    0.000ns
    Phase Error              (PE):    0.000ns

    Location             Delay type                Incr(ns)  Path(ns)    Netlist Resource(s)
  -------------------------------------------------------------------    -------------------
    P18                                               0.000     0.000 r  btnd (IN)
                         net (fo=0)                   0.000     0.000    btnd
    P18                  IBUF (Prop_ibuf_I_O)         1.480     1.480 r  btnd_IBUF_inst/O
                         net (fo=1, routed)           1.533     3.013    db_r/btnd_IBUF
    SLICE_X4Y64          FDRE                                         r  db_r/btn_sync_0_reg/D
  -------------------------------------------------------------------    -------------------

                         (clock sys_clk_pin rise edge)
                                                      0.000     0.000 r  
    E3                                                0.000     0.000 r  clk_100MHz (IN)
                         net (fo=0)                   0.000     0.000    clk_100MHz
    E3                   IBUF (Prop_ibuf_I_O)         1.411     1.411 r  clk_100MHz_IBUF_inst/O
                         net (fo=1, routed)           1.920     3.331    clk_100MHz_IBUF
    BUFGCTRL_X0Y16       BUFG (Prop_bufg_I_O)         0.091     3.422 r  clk_100MHz_IBUF_BUFG_inst/O
                         net (fo=98, routed)          1.598     5.021    db_r/clk_100MHz_IBUF_BUFG
    SLICE_X4Y64          FDRE                                         r  db_r/btn_sync_0_reg/C





Min Delay Paths
--------------------------------------------------------------------------------------
Slack:                    inf
  Source:                 btnc
                            (input port)
  Destination:            db_e/btn_sync_0_reg/D
                            (rising edge-triggered cell FDRE clocked by sys_clk_pin  {rise@0.000ns fall@5.000ns period=10.000ns})
  Path Group:             (none)
  Path Type:              Hold (Min at Fast Process Corner)
  Data Path Delay:        0.879ns  (logic 0.244ns (27.807%)  route 0.635ns (72.193%))
  Logic Levels:           1  (IBUF=1)
  Clock Path Skew:        2.037ns (DCD - SCD - CPR)
    Destination Clock Delay (DCD):    2.037ns
    Source Clock Delay      (SCD):    0.000ns
    Clock Pessimism Removal (CPR):    -0.000ns

    Location             Delay type                Incr(ns)  Path(ns)    Netlist Resource(s)
  -------------------------------------------------------------------    -------------------
    N17                                               0.000     0.000 r  btnc (IN)
                         net (fo=0)                   0.000     0.000    btnc
    N17                  IBUF (Prop_ibuf_I_O)         0.244     0.244 r  btnc_IBUF_inst/O
                         net (fo=1, routed)           0.635     0.879    db_e/btnc_IBUF
    SLICE_X1Y63          FDRE                                         r  db_e/btn_sync_0_reg/D
  -------------------------------------------------------------------    -------------------

                         (clock sys_clk_pin rise edge)
                                                      0.000     0.000 r  
    E3                                                0.000     0.000 r  clk_100MHz (IN)
                         net (fo=0)                   0.000     0.000    clk_100MHz
    E3                   IBUF (Prop_ibuf_I_O)         0.438     0.438 r  clk_100MHz_IBUF_inst/O
                         net (fo=1, routed)           0.699     1.136    clk_100MHz_IBUF
    BUFGCTRL_X0Y16       BUFG (Prop_bufg_I_O)         0.029     1.165 r  clk_100MHz_IBUF_BUFG_inst/O
                         net (fo=98, routed)          0.872     2.037    db_e/clk_100MHz_IBUF_BUFG
    SLICE_X1Y63          FDRE                                         r  db_e/btn_sync_0_reg/C

Slack:                    inf
  Source:                 btnd
                            (input port)
  Destination:            db_r/btn_sync_0_reg/D
                            (rising edge-triggered cell FDRE clocked by sys_clk_pin  {rise@0.000ns fall@5.000ns period=10.000ns})
  Path Group:             (none)
  Path Type:              Hold (Min at Fast Process Corner)
  Data Path Delay:        0.881ns  (logic 0.248ns (28.119%)  route 0.634ns (71.881%))
  Logic Levels:           1  (IBUF=1)
  Clock Path Skew:        2.034ns (DCD - SCD - CPR)
    Destination Clock Delay (DCD):    2.034ns
    Source Clock Delay      (SCD):    0.000ns
    Clock Pessimism Removal (CPR):    -0.000ns

    Location             Delay type                Incr(ns)  Path(ns)    Netlist Resource(s)
  -------------------------------------------------------------------    -------------------
    P18                                               0.000     0.000 r  btnd (IN)
                         net (fo=0)                   0.000     0.000    btnd
    P18                  IBUF (Prop_ibuf_I_O)         0.248     0.248 r  btnd_IBUF_inst/O
                         net (fo=1, routed)           0.634     0.881    db_r/btnd_IBUF
    SLICE_X4Y64          FDRE                                         r  db_r/btn_sync_0_reg/D
  -------------------------------------------------------------------    -------------------

                         (clock sys_clk_pin rise edge)
                                                      0.000     0.000 r  
    E3                                                0.000     0.000 r  clk_100MHz (IN)
                         net (fo=0)                   0.000     0.000    clk_100MHz
    E3                   IBUF (Prop_ibuf_I_O)         0.438     0.438 r  clk_100MHz_IBUF_inst/O
                         net (fo=1, routed)           0.699     1.136    clk_100MHz_IBUF
    BUFGCTRL_X0Y16       BUFG (Prop_bufg_I_O)         0.029     1.165 r  clk_100MHz_IBUF_BUFG_inst/O
                         net (fo=98, routed)          0.869     2.034    db_r/clk_100MHz_IBUF_BUFG
    SLICE_X4Y64          FDRE                                         r  db_r/btn_sync_0_reg/C

Slack:                    inf
  Source:                 sw1
                            (input port)
  Destination:            fsm/FSM_sequential_curr_reg[0]/D
                            (rising edge-triggered cell FDCE clocked by sys_clk_pin  {rise@0.000ns fall@5.000ns period=10.000ns})
  Path Group:             (none)
  Path Type:              Hold (Min at Fast Process Corner)
  Data Path Delay:        1.149ns  (logic 0.292ns (25.451%)  route 0.857ns (74.549%))
  Logic Levels:           2  (IBUF=1 LUT4=1)
  Clock Path Skew:        2.038ns (DCD - SCD - CPR)
    Destination Clock Delay (DCD):    2.038ns
    Source Clock Delay      (SCD):    0.000ns
    Clock Pessimism Removal (CPR):    -0.000ns

    Location             Delay type                Incr(ns)  Path(ns)    Netlist Resource(s)
  -------------------------------------------------------------------    -------------------
    L16                                               0.000     0.000 r  sw1 (IN)
                         net (fo=0)                   0.000     0.000    sw1
    L16                  IBUF (Prop_ibuf_I_O)         0.247     0.247 r  sw1_IBUF_inst/O
                         net (fo=2, routed)           0.857     1.104    db_e/sw1_IBUF
    SLICE_X0Y62          LUT4 (Prop_lut4_I0_O)        0.045     1.149 r  db_e/FSM_sequential_curr[0]_i_1/O
                         net (fo=1, routed)           0.000     1.149    fsm/FSM_sequential_curr_reg[0]_0
    SLICE_X0Y62          FDCE                                         r  fsm/FSM_sequential_curr_reg[0]/D
  -------------------------------------------------------------------    -------------------

                         (clock sys_clk_pin rise edge)
                                                      0.000     0.000 r  
    E3                                                0.000     0.000 r  clk_100MHz (IN)
                         net (fo=0)                   0.000     0.000    clk_100MHz
    E3                   IBUF (Prop_ibuf_I_O)         0.438     0.438 r  clk_100MHz_IBUF_inst/O
                         net (fo=1, routed)           0.699     1.136    clk_100MHz_IBUF
    BUFGCTRL_X0Y16       BUFG (Prop_bufg_I_O)         0.029     1.165 r  clk_100MHz_IBUF_BUFG_inst/O
                         net (fo=98, routed)          0.873     2.038    fsm/clk_100MHz_IBUF_BUFG
    SLICE_X0Y62          FDCE                                         r  fsm/FSM_sequential_curr_reg[0]/C

Slack:                    inf
  Source:                 sw1
                            (input port)
  Destination:            fsm/FSM_sequential_curr_reg[1]/D
                            (rising edge-triggered cell FDCE clocked by sys_clk_pin  {rise@0.000ns fall@5.000ns period=10.000ns})
  Path Group:             (none)
  Path Type:              Hold (Min at Fast Process Corner)
  Data Path Delay:        1.150ns  (logic 0.292ns (25.429%)  route 0.858ns (74.571%))
  Logic Levels:           2  (IBUF=1 LUT6=1)
  Clock Path Skew:        2.038ns (DCD - SCD - CPR)
    Destination Clock Delay (DCD):    2.038ns
    Source Clock Delay      (SCD):    0.000ns
    Clock Pessimism Removal (CPR):    -0.000ns

    Location             Delay type                Incr(ns)  Path(ns)    Netlist Resource(s)
  -------------------------------------------------------------------    -------------------
    L16                                               0.000     0.000 r  sw1 (IN)
                         net (fo=0)                   0.000     0.000    sw1
    L16                  IBUF (Prop_ibuf_I_O)         0.247     0.247 r  sw1_IBUF_inst/O
                         net (fo=2, routed)           0.858     1.105    fsm/sw1_IBUF
    SLICE_X0Y62          LUT6 (Prop_lut6_I4_O)        0.045     1.150 r  fsm/FSM_sequential_curr[1]_i_1/O
                         net (fo=1, routed)           0.000     1.150    fsm/FSM_sequential_curr[1]_i_1_n_0
    SLICE_X0Y62          FDCE                                         r  fsm/FSM_sequential_curr_reg[1]/D
  -------------------------------------------------------------------    -------------------

                         (clock sys_clk_pin rise edge)
                                                      0.000     0.000 r  
    E3                                                0.000     0.000 r  clk_100MHz (IN)
                         net (fo=0)                   0.000     0.000    clk_100MHz
    E3                   IBUF (Prop_ibuf_I_O)         0.438     0.438 r  clk_100MHz_IBUF_inst/O
                         net (fo=1, routed)           0.699     1.136    clk_100MHz_IBUF
    BUFGCTRL_X0Y16       BUFG (Prop_bufg_I_O)         0.029     1.165 r  clk_100MHz_IBUF_BUFG_inst/O
                         net (fo=98, routed)          0.873     2.038    fsm/clk_100MHz_IBUF_BUFG
    SLICE_X0Y62          FDCE                                         r  fsm/FSM_sequential_curr_reg[1]/C





